59,Python,1085,2020-11-20,7,10
60,C%23,1151,2020-11-20,8,9
62,Java,2835,2020-11-20,6,7
63,Javascript,1321,2020-11-20,7,5
64,php,2090,2020-11-20,7,6
65,Ruby,225,2020-11-20,3,4
67,1c,6687,2020-11-20,12,18
68,Data scientist,371,2020-11-20,11,13
69,Scala,121,2020-11-20,7,2
70,Swift,70,2020-11-20,7,5
71,Python,1095,2020-11-21,7,10
72,C%23,1130,2020-11-21,8,9
74,Java,2841,2020-11-21,6,7
75,Javascript,1330,2020-11-21,6,5
76,php,2085,2020-11-21,7,6
77,Ruby,224,2020-11-21,3,4
79,1c,6626,2020-11-21,12,18
80,Data scientist,368,2020-11-21,11,13
81,Scala,122,2020-11-21,8,2
82,Swift,68,2020-11-21,7,5
83,Python,1079,2020-11-22,7,10
84,C%23,1117,2020-11-22,7,9
86,Java,2808,2020-11-22,6,7
87,Javascript,1310,2020-11-22,6,5
88,php,2043,2020-11-22,7,6
89,Ruby,223,2020-11-22,3,4
91,1c,6516,2020-11-22,12,18
92,Data scientist,364,2020-11-22,11,13
93,Scala,119,2020-11-22,8,2
94,Swift,68,2020-11-22,7,5
95,Python,1065,2020-11-23,6,10
96,C%23,1095,2020-11-23,7,9
98,Java,2769,2020-11-23,6,7
99,Javascript,1297,2020-11-23,6,5
100,php,2006,2020-11-23,7,6
101,Ruby,219,2020-11-23,3,4
103,1c,6440,2020-11-23,12,18
104,Data scientist,354,2020-11-23,11,14
105,Scala,119,2020-11-23,8,2
106,Swift,68,2020-11-23,7,5
107,Python,1081,2020-11-24,7,10
108,C%23,1139,2020-11-24,7,9
110,Java,2834,2020-11-24,6,7
111,Javascript,1331,2020-11-24,6,5
112,php,2051,2020-11-24,7,6
113,Ruby,231,2020-11-24,2,4
115,1c,6595,2020-11-24,12,18
116,Data scientist,343,2020-11-24,11,14
117,Scala,122,2020-11-24,8,2
118,Swift,67,2020-11-24,7,5
119,Python,1128,2020-11-25,7,10
120,C%23,1158,2020-11-25,8,9
122,Java,2914,2020-11-25,6,6
123,Javascript,1384,2020-11-25,7,5
124,php,2099,2020-11-25,7,6
125,Ruby,249,2020-11-25,2,4
127,1c,6701,2020-11-25,12,18
128,Data scientist,343,2020-11-25,11,14
129,Scala,123,2020-11-25,7,2
130,Swift,66,2020-11-25,8,5
131,Python,1117,2020-11-26,6,10
132,C%23,1152,2020-11-26,8,9
134,Java,2898,2020-11-26,6,7
135,Javascript,1364,2020-11-26,7,5
136,php,2045,2020-11-26,7,6
137,Ruby,246,2020-11-26,2,4
139,1c,6686,2020-11-26,12,18
140,Data scientist,345,2020-11-26,11,14
141,Scala,123,2020-11-26,8,2
142,Swift,66,2020-11-26,8,5
143,Python,1115,2020-11-27,7,10
144,C%23,1152,2020-11-27,8,9
146,Java,2907,2020-11-27,6,6
147,Javascript,1369,2020-11-27,6,5
148,php,2031,2020-11-27,8,6
149,Ruby,248,2020-11-27,2,4
151,1c,6683,2020-11-27,12,18
152,Data scientist,344,2020-11-27,11,14
153,Scala,120,2020-11-27,9,2
154,Swift,69,2020-11-27,7,5
155,Python,1108,2020-11-28,7,10
156,C%23,1137,2020-11-28,8,9
158,Java,2902,2020-11-28,6,7
159,Javascript,1364,2020-11-28,6,5
160,php,2011,2020-11-28,7,6
161,Ruby,237,2020-11-28,2,4
163,1c,6663,2020-11-28,12,18
164,Data scientist,341,2020-11-28,11,14
165,Scala,118,2020-11-28,8,2
166,Swift,67,2020-11-28,7,5
167,Python,1095,2020-11-29,7,10
168,C%23,1118,2020-11-29,8,9
170,Java,2834,2020-11-29,6,7
171,Javascript,1321,2020-11-29,6,5
172,php,1981,2020-11-29,7,6
173,Ruby,234,2020-11-29,2,4
175,1c,6539,2020-11-29,12,18
176,Data scientist,336,2020-11-29,10,14
177,Scala,112,2020-11-29,9,2
178,Swift,66,2020-11-29,8,5
179,Python,1069,2020-11-30,7,11
180,C%23,1105,2020-11-30,8,9
182,Java,2799,2020-11-30,6,7
183,Javascript,1298,2020-11-30,6,5
184,php,1928,2020-11-30,7,6
185,Ruby,230,2020-11-30,2,4
187,1c,6458,2020-11-30,12,18
188,Data scientist,334,2020-11-30,10,14
189,Scala,110,2020-11-30,8,2
190,Swift,66,2020-11-30,8,5
191,Python,1089,2020-12-01,7,10
66,Golang,198,2020-11-20,5,3
78,Golang,200,2020-11-21,5,3
90,Golang,195,2020-11-22,5,3
102,Golang,192,2020-11-23,5,3
114,Golang,192,2020-11-24,5,3
126,Golang,193,2020-11-25,5,3
138,Golang,194,2020-11-26,5,3
150,Golang,195,2020-11-27,5,3
162,Golang,202,2020-11-28,4,3
174,Golang,195,2020-11-29,5,3
192,C%23,1124,2020-12-01,7,9
194,Java,2883,2020-12-01,6,7
195,Javascript,1328,2020-12-01,7,5
196,php,1945,2020-12-01,7,6
197,Ruby,240,2020-12-01,2,4
199,1c,6591,2020-12-01,12,18
200,Data scientist,339,2020-12-01,11,14
201,Scala,113,2020-12-01,8,2
202,Swift,68,2020-12-01,6,5
203,Python,1123,2020-12-02,7,10
204,C%23,1136,2020-12-02,7,9
206,Java,2980,2020-12-02,6,6
207,Javascript,1354,2020-12-02,7,5
208,php,1978,2020-12-02,7,6
209,Ruby,246,2020-12-02,2,4
211,1c,6649,2020-12-02,12,18
212,Data scientist,349,2020-12-02,11,14
213,Scala,116,2020-12-02,7,2
214,Swift,70,2020-12-02,6,5
215,Python,1104,2020-12-03,7,10
216,C%23,1146,2020-12-03,7,9
218,Java,2991,2020-12-03,6,6
219,Javascript,1350,2020-12-03,7,5
220,php,1948,2020-12-03,7,6
221,Ruby,249,2020-12-03,3,4
223,1c,6579,2020-12-03,12,18
224,Data scientist,347,2020-12-03,11,14
225,Scala,117,2020-12-03,6,2
226,Swift,65,2020-12-03,5,5
227,Python,1105,2020-12-04,8,10
228,C%23,1150,2020-12-04,8,9
230,Java,3000,2020-12-04,6,6
231,Javascript,1348,2020-12-04,7,5
232,php,1947,2020-12-04,7,6
233,Ruby,245,2020-12-04,2,4
235,1c,6572,2020-12-04,11,18
236,Data scientist,347,2020-12-04,11,14
237,Scala,118,2020-12-04,6,2
238,Swift,68,2020-12-04,4,5
239,Python,1118,2020-12-05,8,10
240,C%23,1166,2020-12-05,8,9
242,Java,3018,2020-12-05,7,6
243,Javascript,1351,2020-12-05,8,5
244,php,1988,2020-12-05,7,6
245,Ruby,247,2020-12-05,2,4
247,1c,6668,2020-12-05,11,18
248,Data scientist,353,2020-12-05,12,14
249,Scala,122,2020-12-05,6,2
250,Swift,74,2020-12-05,5,5
251,Python,1103,2020-12-06,8,10
252,C%23,1146,2020-12-06,8,9
254,Java,2965,2020-12-06,7,6
255,Javascript,1329,2020-12-06,7,5
256,php,1942,2020-12-06,7,6
257,Ruby,230,2020-12-06,3,4
259,1c,6534,2020-12-06,11,18
260,Data scientist,349,2020-12-06,12,14
261,Scala,121,2020-12-06,6,2
262,Swift,73,2020-12-06,5,5
263,Python,1093,2020-12-07,8,10
264,C%23,1132,2020-12-07,8,9
266,Java,2910,2020-12-07,7,7
267,Javascript,1309,2020-12-07,7,5
268,php,1888,2020-12-07,7,6
269,Ruby,221,2020-12-07,3,4
271,1c,6417,2020-12-07,11,18
272,Data scientist,342,2020-12-07,12,14
273,Scala,120,2020-12-07,6,2
274,Swift,73,2020-12-07,5,5
275,Python,1121,2020-12-08,7,10
276,C%23,1136,2020-12-08,8,9
278,Java,2948,2020-12-08,7,6
279,Javascript,1358,2020-12-08,8,5
280,php,1922,2020-12-08,7,6
281,Ruby,226,2020-12-08,3,4
283,1c,6577,2020-12-08,11,18
284,Data scientist,352,2020-12-08,12,14
285,Scala,122,2020-12-08,7,2
286,Swift,75,2020-12-08,5,5
287,Python,1145,2020-12-09,8,10
288,C%23,1162,2020-12-09,8,9
290,Java,2987,2020-12-09,7,6
291,Javascript,1391,2020-12-09,8,5
292,php,1975,2020-12-09,7,6
293,Ruby,234,2020-12-09,3,4
295,1c,6695,2020-12-09,11,18
296,Data scientist,356,2020-12-09,13,14
297,Scala,127,2020-12-09,8,2
298,Swift,76,2020-12-09,5,5
299,Python,1124,2020-12-10,8,10
300,C%23,1163,2020-12-10,7,9
302,Java,2964,2020-12-10,7,6
303,Javascript,1366,2020-12-10,7,5
304,php,1928,2020-12-10,7,6
305,Ruby,236,2020-12-10,3,4
307,1c,6631,2020-12-10,11,18
308,Data scientist,344,2020-12-10,14,14
309,Scala,122,2020-12-10,7,2
310,Swift,74,2020-12-10,5,5
311,Python,1122,2020-12-11,8,10
312,C%23,1165,2020-12-11,7,9
314,Java,2927,2020-12-11,7,6
315,Javascript,1383,2020-12-11,7,5
316,php,1944,2020-12-11,8,6
317,Ruby,237,2020-12-11,2,4
319,1c,6618,2020-12-11,12,18
320,Data scientist,340,2020-12-11,13,14
321,Scala,121,2020-12-11,7,2
322,Swift,66,2020-12-11,6,5
323,Python,1125,2020-12-12,8,10.1
324,C%23,1157,2020-12-12,8,8.9
198,Golang,194,2020-12-01,5,3
210,Golang,201,2020-12-02,5,3
222,Golang,203,2020-12-03,5,3
234,Golang,205,2020-12-04,5,3
246,Golang,202,2020-12-05,6,3
258,Golang,199,2020-12-06,6,3
270,Golang,198,2020-12-07,5,3
282,Golang,203,2020-12-08,6,3
294,Golang,212,2020-12-09,7,3
306,Golang,205,2020-12-10,6,3
326,Java,2886,2020-12-12,7,6.6
327,Javascript,1372,2020-12-12,8,5.1
328,php,1928,2020-12-12,7,6.3
329,Ruby,236,2020-12-12,2,4.2
331,1c,6569,2020-12-12,11,18.1
332,Data scientist,339,2020-12-12,13,14.3
333,Scala,119,2020-12-12,7,1.8
334,Swift,75,2020-12-12,5,4.6
359,Python,1104,2020-12-13,9,10.3
360,C%23,1143,2020-12-13,8,9
362,Java,2846,2020-12-13,7,6.7
363,Javascript,1324,2020-12-13,8,5.3
364,php,1870,2020-12-13,8,6.5
365,Ruby,233,2020-12-13,2,4.2
367,1c,6456,2020-12-13,12,18.4
368,Data scientist,334,2020-12-13,13,14.6
369,Scala,119,2020-12-13,7,1.8
370,Swift,75,2020-12-13,5,4.6
371,Python,1093,2020-12-14,9,10.4
372,C%23,1114,2020-12-14,8,9.3
374,Java,2803,2020-12-14,7,6.8
375,Javascript,1300,2020-12-14,8,5.4
376,php,1815,2020-12-14,8,6.7
377,Ruby,229,2020-12-14,2,4.3
379,1c,6333,2020-12-14,11,18.7
380,Data scientist,323,2020-12-14,13,15.1
381,Scala,116,2020-12-14,5,1.9
382,Swift,75,2020-12-14,5,4.6
383,Python,1117,2020-12-15,8,10.2
384,C%23,1155,2020-12-15,8,8.9
386,Java,2854,2020-12-15,7,6.6
387,Javascript,1329,2020-12-15,8,5.3
388,php,1876,2020-12-15,8,6.4
389,Ruby,234,2020-12-15,2,4.2
391,1c,6493,2020-12-15,11,18.3
392,Data scientist,340,2020-12-15,13,14.3
393,Scala,121,2020-12-15,5,1.8
394,Swift,77,2020-12-15,5,4.4
395,Python,1129,2020-12-16,9,10.1
396,C%23,1172,2020-12-16,8,8.8
398,Java,2914,2020-12-16,7,6.5
399,Javascript,1362,2020-12-16,8,5.2
400,php,2021,2020-12-16,7,6
401,Ruby,241,2020-12-16,2,4.1
403,1c,6624,2020-12-16,11,17.9
404,Data scientist,344,2020-12-16,13,14.2
405,Scala,121,2020-12-16,5,1.8
406,Swift,81,2020-12-16,5,4.2
407,Python,1120,2020-12-17,9,10.2
408,C%23,1170,2020-12-17,8,8.8
410,Java,2876,2020-12-17,7,6.6
411,Javascript,1337,2020-12-17,8,5.3
412,php,1997,2020-12-17,7,6.1
413,Ruby,225,2020-12-17,2,4.3
415,1c,6544,2020-12-17,12,18.1
416,Data scientist,336,2020-12-17,13,14.5
417,Scala,120,2020-12-17,7,1.8
418,Swift,79,2020-12-17,6,4.3
419,Python,1124,2020-12-18,9,10.2
420,C%23,1164,2020-12-18,8,8.9
422,Java,2869,2020-12-18,7,6.6
423,Javascript,1330,2020-12-18,8,5.3
424,php,1982,2020-12-18,7,6.1
425,Ruby,227,2020-12-18,1,4.3
427,1c,6496,2020-12-18,11,18.3
428,Data scientist,333,2020-12-18,13,14.7
429,Scala,122,2020-12-18,7,1.8
430,Swift,78,2020-12-18,8,4.4
431,Python,1112,2020-12-19,9,10.3
432,C%23,1158,2020-12-19,8,8.9
434,Java,2866,2020-12-19,7,6.6
435,Javascript,1325,2020-12-19,8,5.3
436,php,1965,2020-12-19,7,6.2
437,Ruby,223,2020-12-19,1,4.4
439,1c,6446,2020-12-19,11,18.4
440,Data scientist,334,2020-12-19,13,14.6
441,Scala,126,2020-12-19,7,1.7
442,Swift,76,2020-12-19,8,4.5
443,Python,1088,2020-12-20,9,10.5
444,C%23,1141,2020-12-20,7,9
446,Java,2827,2020-12-20,7,6.7
447,Javascript,1300,2020-12-20,8,5.4
448,php,1930,2020-12-20,7,6.3
449,Ruby,223,2020-12-20,2,4.4
451,1c,6264,2020-12-20,11,19
452,Data scientist,329,2020-12-20,12,14.8
453,Scala,125,2020-12-20,7,1.7
454,Swift,74,2020-12-20,8,4.6
455,Python,1039,2020-12-21,9,11.1
456,C%23,1126,2020-12-21,7,9.2
458,Java,2807,2020-12-21,7,6.8
459,Javascript,1253,2020-12-21,8,5.7
460,php,1908,2020-12-21,7,6.3
461,Ruby,219,2020-12-21,1,4.5
463,1c,6168,2020-12-21,11,19.2
464,Data scientist,323,2020-12-21,13,15.1
465,Scala,121,2020-12-21,7,1.8
466,Swift,74,2020-12-21,8,4.6
467,Python,1061,2020-12-22,9,10.8
468,C%23,1143,2020-12-22,7,9
470,Java,2832,2020-12-22,7,6.7
471,Javascript,1259,2020-12-22,8,5.6
472,php,1936,2020-12-22,7,6.2
473,Ruby,227,2020-12-22,1,4.3
475,1c,6281,2020-12-22,11,18.9
476,Data scientist,329,2020-12-22,12,14.8
477,Scala,127,2020-12-22,7,1.7
478,Swift,74,2020-12-22,8,4.7
479,Python,1063,2020-12-23,9,10.8
480,C%23,1149,2020-12-23,7,9
330,Golang,206,2020-12-12,7,3.2
366,Golang,203,2020-12-13,7,3.2
378,Golang,200,2020-12-14,8,3.3
390,Golang,214,2020-12-15,8,3.1
402,Golang,215,2020-12-16,8,3
414,Golang,215,2020-12-17,8,3
426,Golang,214,2020-12-18,8,3
438,Golang,212,2020-12-19,8,3.1
450,Golang,209,2020-12-20,8,3.1
462,Golang,207,2020-12-21,8,3.1
474,Golang,210,2020-12-22,8,3.1
482,Java,2871,2020-12-23,7,6.6
483,Javascript,1265,2020-12-23,8,5.6
484,php,1962,2020-12-23,7,6.2
485,Ruby,232,2020-12-23,1,4.2
487,1c,6367,2020-12-23,11,18.6
488,Data scientist,337,2020-12-23,12,14.5
489,Scala,131,2020-12-23,7,1.6
490,Swift,74,2020-12-23,7,4.7
491,Python,1051,2020-12-24,8,10.9
492,C%23,1125,2020-12-24,8,9.2
494,Java,2825,2020-12-24,7,6.7
495,Javascript,1222,2020-12-24,8,5.8
496,php,1929,2020-12-24,7,6.3
497,Ruby,223,2020-12-24,2,4.4
499,1c,6281,2020-12-24,11,18.9
500,Data scientist,330,2020-12-24,12,14.8
501,Scala,126,2020-12-24,7,1.7
502,Swift,74,2020-12-24,7,4.7
503,Python,1025,2020-12-25,8,11.2
504,C%23,1106,2020-12-25,7,9.4
506,Java,2782,2020-12-25,7,6.8
507,Javascript,1176,2020-12-25,8,6
508,php,1892,2020-12-25,7,6.4
509,Ruby,211,2020-12-25,2,4.7
511,1c,6210,2020-12-25,11,19.1
512,Data scientist,324,2020-12-25,12,15.1
513,Scala,126,2020-12-25,7,1.7
514,Swift,74,2020-12-25,7,4.7
539,Python,1016,2020-12-26,8,11.3
540,C%23,1081,2020-12-26,7,9.6
542,Java,2719,2020-12-26,7,7
543,Javascript,1165,2020-12-26,8,6.1
544,php,1873,2020-12-26,7,6.5
545,Ruby,213,2020-12-26,2,4.6
547,1c,6055,2020-12-26,11,19.6
548,Data scientist,309,2020-12-26,12,15.8
549,Scala,125,2020-12-26,6,1.7
550,Swift,70,2020-12-26,7,4.9
551,Python,1001,2020-12-27,8,11.5
552,C%23,1068,2020-12-27,7,9.7
554,Java,2680,2020-12-27,7,7.1
555,Javascript,1134,2020-12-27,8,6.3
556,php,1845,2020-12-27,7,6.6
557,Ruby,209,2020-12-27,2,4.7
559,1c,5955,2020-12-27,11,19.9
560,Data scientist,303,2020-12-27,12,16.1
561,Scala,123,2020-12-27,7,1.7
562,Swift,68,2020-12-27,7,5.1
563,Python,972,2020-12-28,8,11.9
564,C%23,1060,2020-12-28,7,9.8
566,Java,2615,2020-12-28,7,7.3
567,Javascript,1113,2020-12-28,8,6.4
568,php,1799,2020-12-28,7,6.7
569,Ruby,204,2020-12-28,3,4.8
571,1c,5874,2020-12-28,11,20.2
572,Data scientist,304,2020-12-28,11,16.1
573,Scala,121,2020-12-28,7,1.7
574,Swift,66,2020-12-28,8,5.3
575,Python,982,2020-12-29,8,11.7
576,C%23,1066,2020-12-29,7,9.7
578,Java,2658,2020-12-29,7,7.2
579,Javascript,1123,2020-12-29,8,6.3
580,php,1813,2020-12-29,7,6.7
581,Ruby,205,2020-12-29,3,4.8
583,1c,5939,2020-12-29,11,20
584,Data scientist,304,2020-12-29,11,16.1
585,Scala,122,2020-12-29,7,1.7
586,Swift,67,2020-12-29,7,5.2
587,Python,1001,2020-12-30,7,11.5
588,C%23,1066,2020-12-30,7,9.7
590,Java,2658,2020-12-30,7,7.2
591,Javascript,1121,2020-12-30,8,6.3
592,php,1817,2020-12-30,7,6.6
593,Ruby,205,2020-12-30,2,4.8
595,1c,5968,2020-12-30,11,19.9
596,Data scientist,294,2020-12-30,10,16.6
597,Scala,122,2020-12-30,7,1.7
598,Swift,69,2020-12-30,7,5
599,Python,992,2020-12-31,8,11.7
600,C%23,1038,2020-12-31,7,10
602,Java,2608,2020-12-31,7,7.3
603,Javascript,1112,2020-12-31,8,6.4
604,php,1760,2020-12-31,7,6.9
605,Ruby,203,2020-12-31,2,4.9
607,1c,5834,2020-12-31,11,20.4
608,Data scientist,288,2020-12-31,10,17
609,Scala,120,2020-12-31,7,1.8
610,Swift,70,2020-12-31,7,5
611,Python,966,2021-01-01,8,12
612,C%23,1022,2021-01-01,7,10.1
614,Java,2519,2021-01-01,7,7.6
615,Javascript,1073,2021-01-01,8,6.6
616,php,1738,2021-01-01,7,6.9
617,Ruby,198,2021-01-01,2,5
619,1c,5709,2021-01-01,11,20.8
620,Data scientist,285,2021-01-01,9,17.1
621,Scala,116,2021-01-01,7,1.8
622,Swift,68,2021-01-01,7,5.1
623,Python,964,2021-01-02,8,12
624,C%23,1022,2021-01-02,7,10.1
626,Java,2512,2021-01-02,7,7.6
627,Javascript,1067,2021-01-02,8,6.7
628,php,1735,2021-01-02,7,7
629,Ruby,198,2021-01-02,2,5
631,1c,5703,2021-01-02,11,20.8
632,Data scientist,284,2021-01-02,10,17.2
633,Scala,116,2021-01-02,7,1.8
634,Swift,68,2021-01-02,7,5.1
635,Python,967,2021-01-03,8,12
636,C%23,1024,2021-01-03,7,10.1
638,Java,2500,2021-01-03,7,7.6
486,Golang,214,2020-12-23,8,3.1
498,Golang,212,2020-12-24,8,3.1
510,Golang,213,2020-12-25,8,3.1
546,Golang,214,2020-12-26,8,3
558,Golang,211,2020-12-27,8,3.1
570,Golang,208,2020-12-28,8,3.1
582,Golang,208,2020-12-29,8,3.1
594,Golang,209,2020-12-30,8,3.1
606,Golang,206,2020-12-31,9,3.2
618,Golang,200,2021-01-01,8,3.2
639,Javascript,1068,2021-01-03,8,6.7
640,php,1741,2021-01-03,7,6.9
641,Ruby,199,2021-01-03,2,5
643,1c,5705,2021-01-03,11,20.8
644,Data scientist,283,2021-01-03,10,17.3
645,Scala,114,2021-01-03,7,1.9
646,Swift,66,2021-01-03,8,5.3
647,Python,963,2021-01-04,8,12
648,C%23,1029,2021-01-04,7,10.1
650,Java,2496,2021-01-04,7,7.6
651,Javascript,1061,2021-01-04,8,6.7
652,php,1736,2021-01-04,7,7
653,Ruby,200,2021-01-04,2,4.9
655,1c,5718,2021-01-04,11,20.8
656,Data scientist,282,2021-01-04,10,17.3
657,Scala,112,2021-01-04,7,1.9
658,Swift,66,2021-01-04,8,5.3
659,Python,968,2021-01-05,8,12
660,C%23,1036,2021-01-05,7,10
662,Java,2516,2021-01-05,7,7.6
663,Javascript,1075,2021-01-05,8,6.6
664,php,1762,2021-01-05,7,6.9
665,Ruby,200,2021-01-05,2,4.9
667,1c,5771,2021-01-05,11,20.6
668,Data scientist,275,2021-01-05,9,17.8
669,Scala,115,2021-01-05,7,1.9
670,Swift,66,2021-01-05,8,5.3
671,Python,991,2021-01-06,8,11.7
672,C%23,1043,2021-01-06,7,9.9
674,Java,2538,2021-01-06,7,7.5
675,Javascript,1086,2021-01-06,8,6.6
676,php,1778,2021-01-06,7,6.8
677,Ruby,203,2021-01-06,1,4.9
679,1c,5809,2021-01-06,11,20.5
680,Data scientist,278,2021-01-06,9,17.7
681,Scala,115,2021-01-06,7,1.9
682,Swift,66,2021-01-06,8,5.3
683,Python,1002,2021-01-07,7,11.6
684,C%23,1045,2021-01-07,7,9.9
686,Java,2559,2021-01-07,7,7.5
687,Javascript,1091,2021-01-07,8,6.6
688,php,1785,2021-01-07,8,6.8
689,Ruby,200,2021-01-07,2,5
691,1c,5825,2021-01-07,11,20.4
692,Data scientist,283,2021-01-07,9,17.3
693,Scala,118,2021-01-07,7,1.8
694,Swift,67,2021-01-07,7,5.2
695,Python,1007,2021-01-08,8,11.6
696,C%23,1047,2021-01-08,7,9.9
698,Java,2548,2021-01-08,7,7.5
699,Javascript,1088,2021-01-08,8,6.6
700,php,1780,2021-01-08,8,6.8
701,Ruby,195,2021-01-08,2,5.1
703,1c,5839,2021-01-08,11,20.4
704,Data scientist,286,2021-01-08,9,17.2
705,Scala,117,2021-01-08,7,1.8
706,Swift,67,2021-01-08,7,5.2
707,Python,1006,2021-01-09,8,11.6
708,C%23,1048,2021-01-09,7,9.9
710,Java,2539,2021-01-09,7,7.5
711,Javascript,1086,2021-01-09,8,6.6
712,php,1777,2021-01-09,8,6.8
713,Ruby,190,2021-01-09,2,5.2
715,1c,5852,2021-01-09,11,20.4
716,Data scientist,285,2021-01-09,8,17.3
717,Scala,117,2021-01-09,7,1.8
718,Swift,67,2021-01-09,7,5.3
719,Python,990,2021-01-10,8,11.8
720,C%23,1020,2021-01-10,7,10.2
722,Java,2482,2021-01-10,7,7.7
723,Javascript,1053,2021-01-10,8,6.8
724,php,1734,2021-01-10,8,7
725,Ruby,184,2021-01-10,2,5.4
727,1c,5716,2021-01-10,11,20.8
728,Data scientist,281,2021-01-10,8,17.5
729,Scala,114,2021-01-10,7,1.9
730,Swift,67,2021-01-10,7,5.2
731,Python,973,2021-01-11,7,12
732,C%23,1009,2021-01-11,7,10.3
734,Java,2452,2021-01-11,7,7.8
735,Javascript,1034,2021-01-11,7,7
736,php,1687,2021-01-11,7,7.2
737,Ruby,178,2021-01-11,2,5.6
739,1c,5602,2021-01-11,11,21.3
740,Data scientist,277,2021-01-11,8,17.9
741,Scala,115,2021-01-11,7,1.9
742,Swift,67,2021-01-11,7,5.3
743,Python,1018,2021-01-12,7,11.5
744,C%23,1048,2021-01-12,7,10
746,Java,2543,2021-01-12,7,7.6
747,Javascript,1080,2021-01-12,7,6.7
748,php,1757,2021-01-12,7,6.9
749,Ruby,191,2021-01-12,3,5.2
751,1c,5816,2021-01-12,11,20.5
752,Data scientist,285,2021-01-12,8,17.4
753,Scala,120,2021-01-12,7,1.8
754,Swift,70,2021-01-12,7,5.1
755,Python,1061,2021-01-13,7,11.1
756,C%23,1104,2021-01-13,7,9.5
758,Java,2630,2021-01-13,7,7.3
759,Javascript,1144,2021-01-13,7,6.3
760,php,1815,2021-01-13,7,6.7
761,Ruby,205,2021-01-13,2,4.9
763,1c,6073,2021-01-13,11,19.7
764,Data scientist,298,2021-01-13,9,16.7
765,Scala,125,2021-01-13,6,1.7
766,Swift,75,2021-01-13,7,4.7
791,Python,1087,2021-01-14,7,10.9
792,C%23,1154,2021-01-14,7,9.1
794,Java,2702,2021-01-14,7,7.1
795,Javascript,1170,2021-01-14,7,6.2
642,Golang,200,2021-01-03,8,3.3
654,Golang,200,2021-01-04,8,3.2
666,Golang,200,2021-01-05,8,3.3
678,Golang,200,2021-01-06,8,3.3
690,Golang,202,2021-01-07,7,3.2
702,Golang,198,2021-01-08,8,3.3
714,Golang,198,2021-01-09,8,3.3
726,Golang,196,2021-01-10,8,3.3
738,Golang,195,2021-01-11,8,3.4
750,Golang,206,2021-01-12,8,3.2
796,php,1868,2021-01-14,7,6.5
797,Ruby,207,2021-01-14,2,4.8
799,1c,6373,2021-01-14,12,18.8
800,Data scientist,310,2021-01-14,8,16
801,Scala,129,2021-01-14,7,1.6
802,Swift,75,2021-01-14,5,4.7
803,Python,1124,2021-01-15,7,10.5
804,C%23,1162,2021-01-15,7,9
806,Java,2770,2021-01-15,6,7
807,Javascript,1203,2021-01-15,7,6
808,php,1900,2021-01-15,7,6.4
809,Ruby,211,2021-01-15,3,4.7
811,1c,6466,2021-01-15,12,18.5
812,Data scientist,323,2021-01-15,9,15.4
813,Scala,134,2021-01-15,7,1.6
814,Swift,79,2021-01-15,6,4.5
815,Python,1130,2021-01-16,7,10.5
816,C%23,1163,2021-01-16,6,9
818,Java,2802,2021-01-16,6,6.9
819,Javascript,1219,2021-01-16,7,5.9
820,php,1889,2021-01-16,7,6.4
821,Ruby,208,2021-01-16,2,4.8
823,1c,6560,2021-01-16,12,18.2
824,Data scientist,320,2021-01-16,9,15.6
825,Scala,132,2021-01-16,5,1.6
826,Swift,82,2021-01-16,4,4.3
827,Python,1109,2021-01-17,7,10.7
828,C%23,1148,2021-01-17,6,9.1
830,Java,2758,2021-01-17,6,7
831,Javascript,1199,2021-01-17,7,6
832,php,1860,2021-01-17,7,6.5
833,Ruby,204,2021-01-17,2,4.8
835,1c,6470,2021-01-17,12,18.5
836,Data scientist,320,2021-01-17,9,15.6
837,Scala,130,2021-01-17,5,1.6
838,Swift,79,2021-01-17,4,4.5
839,Python,1090,2021-01-18,7,10.9
840,C%23,1134,2021-01-18,6,9.2
842,Java,2727,2021-01-18,6,7.1
843,Javascript,1180,2021-01-18,7,6.1
844,php,1816,2021-01-18,7,6.7
845,Ruby,200,2021-01-18,2,4.9
847,1c,6375,2021-01-18,12,18.8
848,Data scientist,312,2021-01-18,9,16.1
849,Scala,123,2021-01-18,4,1.7
850,Swift,79,2021-01-18,4,4.5
851,Python,1116,2021-01-19,7,10.7
852,C%23,1163,2021-01-19,6,9
854,Java,2790,2021-01-19,6,6.9
855,Javascript,1226,2021-01-19,7,5.9
856,php,1911,2021-01-19,7,6.4
857,Ruby,215,2021-01-19,3,4.6
859,1c,6582,2021-01-19,12,18.2
860,Data scientist,316,2021-01-19,9,15.9
861,Scala,128,2021-01-19,5,1.7
862,Swift,70,2021-01-19,4,5.1
863,Python,1152,2021-01-20,7,10.3
864,C%23,1193,2021-01-20,7,8.8
866,Java,2858,2021-01-20,6,6.8
867,Javascript,1261,2021-01-20,7,5.7
868,php,1984,2021-01-20,7,6.1
869,Ruby,223,2021-01-20,3,4.4
871,1c,6821,2021-01-20,12,17.6
872,Data scientist,331,2021-01-20,10,15.2
873,Scala,136,2021-01-20,5,1.6
874,Swift,71,2021-01-20,4,5.1
875,Python,1198,2021-01-21,6,10
876,C%23,1215,2021-01-21,6,8.6
878,Java,2932,2021-01-21,6,6.6
879,Javascript,1288,2021-01-21,7,5.6
880,php,2005,2021-01-21,7,6.1
881,Ruby,226,2021-01-21,3,4.4
883,1c,6985,2021-01-21,12,17.2
884,Data scientist,337,2021-01-21,9,14.9
885,Scala,135,2021-01-21,5,1.6
886,Swift,72,2021-01-21,4,5
887,Python,1196,2021-01-22,7,10
888,C%23,1192,2021-01-22,6,8.8
890,Java,2967,2021-01-22,6,6.5
891,Javascript,1300,2021-01-22,7,5.6
892,php,2049,2021-01-22,8,6
893,Ruby,228,2021-01-22,4,4.3
895,1c,7073,2021-01-22,12,16.9
896,Data scientist,342,2021-01-22,10,14.7
897,Scala,136,2021-01-22,5,1.6
898,Swift,77,2021-01-22,4,4.7
899,Python,1212,2021-01-23,7,9.9
900,C%23,1224,2021-01-23,6,8.6
902,Java,3017,2021-01-23,6,6.4
903,Javascript,1300,2021-01-23,7,5.6
904,php,2039,2021-01-23,7,6
905,Ruby,226,2021-01-23,4,4.4
907,1c,7174,2021-01-23,12,16.7
908,Data scientist,333,2021-01-23,10,15.1
909,Scala,133,2021-01-23,6,1.6
910,Swift,91,2021-01-23,3,4
911,Python,1197,2021-01-24,7,10
912,C%23,1213,2021-01-24,6,8.6
914,Java,2970,2021-01-24,6,6.5
915,Javascript,1282,2021-01-24,7,5.7
916,php,2012,2021-01-24,7,6.1
917,Ruby,226,2021-01-24,4,4.4
919,1c,7083,2021-01-24,12,16.9
920,Data scientist,329,2021-01-24,10,15.3
921,Scala,133,2021-01-24,6,1.6
922,Swift,91,2021-01-24,3,4
923,Python,1174,2021-01-25,7,10.2
924,C%23,1188,2021-01-25,6,8.8
926,Java,2936,2021-01-25,6,6.6
927,Javascript,1269,2021-01-25,7,5.8
928,php,1987,2021-01-25,7,6.1
798,Golang,206,2021-01-14,8,3.2
810,Golang,217,2021-01-15,8,3.1
822,Golang,216,2021-01-16,7,3.1
834,Golang,217,2021-01-17,7,3.1
846,Golang,214,2021-01-18,7,3.1
858,Golang,224,2021-01-19,6,3
870,Golang,231,2021-01-20,6,2.9
882,Golang,228,2021-01-21,7,2.9
894,Golang,231,2021-01-22,6,2.9
906,Golang,234,2021-01-23,7,2.8
929,Ruby,221,2021-01-25,4,4.5
931,1c,6966,2021-01-25,12,17.2
932,Data scientist,326,2021-01-25,10,15.4
933,Scala,137,2021-01-25,6,1.6
934,Swift,89,2021-01-25,2,4.1
935,Python,1217,2021-01-26,7,9.9
936,C%23,1225,2021-01-26,7,8.6
938,Java,3007,2021-01-26,6,6.4
939,Javascript,1299,2021-01-26,7,5.6
940,php,2009,2021-01-26,8,6.1
941,Ruby,233,2021-01-26,3,4.2
943,1c,7158,2021-01-26,12,16.8
944,Data scientist,347,2021-01-26,12,14.6
945,Scala,142,2021-01-26,6,1.5
946,Swift,92,2021-01-26,2,3.9
947,Python,1251,2021-01-27,7,9.6
948,C%23,1264,2021-01-27,7,8.3
950,Java,3063,2021-01-27,6,6.3
951,Javascript,1332,2021-01-27,7,5.5
952,php,2055,2021-01-27,8,5.9
953,Ruby,233,2021-01-27,3,4.3
955,1c,7396,2021-01-27,12,16.2
956,Data scientist,361,2021-01-27,12,14
957,Scala,146,2021-01-27,5,1.5
958,Swift,91,2021-01-27,2,4
959,Python,1276,2021-01-28,8,9.5
960,C%23,1303,2021-01-28,7,8.1
962,Java,3128,2021-01-28,6,6.2
963,Javascript,1371,2021-01-28,7,5.3
964,php,2105,2021-01-28,8,5.8
965,Ruby,238,2021-01-28,3,4.2
967,1c,7651,2021-01-28,12,15.7
968,Data scientist,367,2021-01-28,11,13.8
969,Scala,147,2021-01-28,5,1.4
970,Swift,89,2021-01-28,2,4.1
971,Python,1303,2021-01-29,7,9.3
972,C%23,1327,2021-01-29,7,7.9
974,Java,3140,2021-01-29,6,6.2
975,Javascript,1382,2021-01-29,6,5.3
976,php,2134,2021-01-29,8,5.7
977,Ruby,241,2021-01-29,3,4.1
979,1c,7730,2021-01-29,12,15.5
980,Data scientist,369,2021-01-29,11,13.7
981,Scala,152,2021-01-29,5,1.4
982,Swift,88,2021-01-29,1,4.1
983,Python,1361,2021-01-30,7,8.9
984,C%23,1336,2021-01-30,7,7.9
986,Java,3200,2021-01-30,6,6.1
987,Javascript,1390,2021-01-30,7,5.3
988,php,2133,2021-01-30,8,5.7
989,Ruby,245,2021-01-30,3,4.1
991,1c,7780,2021-01-30,12,15.4
992,Data scientist,376,2021-01-30,11,13.4
993,Scala,151,2021-01-30,5,1.4
994,Swift,88,2021-01-30,1,4.1
995,Python,1337,2021-01-31,7,9
996,C%23,1323,2021-01-31,7,8
998,Java,3160,2021-01-31,6,6.1
999,Javascript,1375,2021-01-31,7,5.3
1000,php,2113,2021-01-31,8,5.8
1001,Ruby,239,2021-01-31,3,4.2
1003,1c,7708,2021-01-31,12,15.6
1004,Data scientist,368,2021-01-31,11,13.7
1005,Scala,153,2021-01-31,5,1.4
1006,Swift,86,2021-01-31,1,4.2
1007,Python,1334,2021-02-01,7,9.1
1008,C%23,1313,2021-02-01,7,8
1010,Java,3150,2021-02-01,6,6.2
1011,Javascript,1368,2021-02-01,7,5.4
1012,php,2093,2021-02-01,8,5.8
1013,Ruby,234,2021-02-01,3,4.3
1015,1c,7670,2021-02-01,12,15.7
1016,Data scientist,367,2021-02-01,11,13.8
1017,Scala,153,2021-02-01,5,1.4
1018,Swift,86,2021-02-01,1,4.2
1019,Python,1341,2021-02-02,7,9.1
1020,C%23,1355,2021-02-02,7,7.8
1022,Java,3230,2021-02-02,6,6
1023,Javascript,1396,2021-02-02,7,5.3
1024,php,2126,2021-02-02,8,5.7
1025,Ruby,239,2021-02-02,3,4.2
1027,1c,7818,2021-02-02,12,15.4
1028,Data scientist,369,2021-02-02,10,13.8
1029,Scala,152,2021-02-02,5,1.4
1030,Swift,90,2021-02-02,2,4
1031,Python,1356,2021-02-03,7,9
1032,C%23,1375,2021-02-03,7,7.7
1034,Java,3275,2021-02-03,6,5.9
1035,Javascript,1436,2021-02-03,7,5.1
1036,php,2161,2021-02-03,8,5.7
1037,Ruby,241,2021-02-03,3,4.1
1039,1c,8030,2021-02-03,12,15
1040,Data scientist,380,2021-02-03,10,13.4
1041,Scala,165,2021-02-03,5,1.3
1042,Swift,91,2021-02-03,2,3.9
1043,Python,1374,2021-02-04,7,8.8
1044,C%23,1421,2021-02-04,7,7.4
1046,Java,3332,2021-02-04,6,5.8
1047,Javascript,1458,2021-02-04,7,5.1
1048,php,2203,2021-02-04,8,5.6
1049,Ruby,250,2021-02-04,4,4
1051,1c,8193,2021-02-04,12,14.7
1052,Data scientist,395,2021-02-04,10,12.9
1053,Scala,165,2021-02-04,5,1.3
1054,Swift,97,2021-02-04,2,3.6
1055,Python,1373,2021-02-05,8,8.9
1056,C%23,1419,2021-02-05,7,7.5
1058,Java,3343,2021-02-05,6,5.8
1059,Javascript,1469,2021-02-05,7,5
1060,php,2226,2021-02-05,8,5.5
1061,Ruby,256,2021-02-05,4,3.9
930,Golang,229,2021-01-25,6,2.9
942,Golang,233,2021-01-26,6,2.9
954,Golang,233,2021-01-27,6,2.9
966,Golang,238,2021-01-28,6,2.8
978,Golang,239,2021-01-29,7,2.8
990,Golang,234,2021-01-30,7,2.8
1002,Golang,230,2021-01-31,7,2.9
1014,Golang,232,2021-02-01,7,2.9
1026,Golang,249,2021-02-02,8,2.7
1038,Golang,265,2021-02-03,8,2.5
1063,1c,8273,2021-02-05,12,14.5
1064,Data scientist,392,2021-02-05,10,13
1065,Scala,164,2021-02-05,4,1.3
1066,Swift,97,2021-02-05,3,3.6
1067,Python,1384,2021-02-06,8,8.8
1068,C%23,1429,2021-02-06,7,7.4
1070,Java,3337,2021-02-06,7,5.8
1071,Javascript,1479,2021-02-06,8,5
1072,php,2257,2021-02-06,8,5.4
1073,Ruby,255,2021-02-06,4,3.9
1075,1c,8354,2021-02-06,12,14.4
1076,Data scientist,401,2021-02-06,11,12.7
1077,Scala,167,2021-02-06,4,1.3
1078,Swift,97,2021-02-06,2,3.6
1079,Python,1366,2021-02-07,8,8.9
1080,C%23,1417,2021-02-07,7,7.5
1082,Java,3312,2021-02-07,7,5.9
1083,Javascript,1466,2021-02-07,8,5
1084,php,2236,2021-02-07,8,5.5
1085,Ruby,253,2021-02-07,4,3.9
1087,1c,8294,2021-02-07,12,14.5
1088,Data scientist,398,2021-02-07,12,12.7
1089,Scala,166,2021-02-07,4,1.3
1090,Swift,94,2021-02-07,2,3.8
1091,Python,1363,2021-02-08,8,9
1092,C%23,1414,2021-02-08,7,7.5
1094,Java,3299,2021-02-08,7,5.9
1095,Javascript,1456,2021-02-08,8,5.1
1096,php,2230,2021-02-08,8,5.5
1097,Ruby,253,2021-02-08,4,3.9
1099,1c,8251,2021-02-08,12,14.6
1100,Data scientist,397,2021-02-08,11,12.8
1101,Scala,169,2021-02-08,4,1.3
1102,Swift,94,2021-02-08,2,3.8
1103,Python,1374,2021-02-09,8,8.9
1104,C%23,1434,2021-02-09,7,7.4
1106,Java,3371,2021-02-09,7,5.8
1107,Javascript,1495,2021-02-09,8,4.9
1108,php,2298,2021-02-09,8,5.3
1109,Ruby,260,2021-02-09,4,3.8
1111,1c,8476,2021-02-09,12,14.2
1112,Data scientist,410,2021-02-09,11,12.4
1113,Scala,179,2021-02-09,4,1.2
1114,Swift,97,2021-02-09,2,3.6
1115,Python,1404,2021-02-10,7,8.7
1116,C%23,1460,2021-02-10,7,7.3
1118,Java,3446,2021-02-10,7,5.6
1119,Javascript,1544,2021-02-10,8,4.8
1120,php,2354,2021-02-10,8,5.2
1121,Ruby,264,2021-02-10,4,3.8
1123,1c,8683,2021-02-10,12,13.9
1124,Data scientist,433,2021-02-10,12,11.8
1125,Scala,183,2021-02-10,4,1.2
1126,Swift,95,2021-02-10,2,3.7
1127,Python,1388,2021-02-11,7,8.8
1128,C%23,1443,2021-02-11,7,7.4
1130,Java,3368,2021-02-11,6,5.8
1131,Javascript,1529,2021-02-11,8,4.8
1132,php,2329,2021-02-11,8,5.3
1133,Ruby,245,2021-02-11,4,4
1135,1c,8626,2021-02-11,12,14
1136,Data scientist,426,2021-02-11,12,12
1137,Scala,179,2021-02-11,4,1.2
1138,Swift,92,2021-02-11,1,3.8
1139,Python,1377,2021-02-12,7,8.9
1140,C%23,1424,2021-02-12,7,7.5
1142,Java,3380,2021-02-12,7,5.8
1143,Javascript,1512,2021-02-12,8,4.9
1144,php,2346,2021-02-12,9,5.2
1145,Ruby,245,2021-02-12,4,4
1147,1c,8578,2021-02-12,12,14
1148,Data scientist,433,2021-02-12,10,11.8
1149,Scala,176,2021-02-12,2,1.2
1150,Swift,88,2021-02-12,2,3.9
1151,Python,1384,2021-02-13,7,8.9
1152,C%23,1423,2021-02-13,7,7.5
1154,Java,3387,2021-02-13,6,5.8
1155,Javascript,1526,2021-02-13,8,4.8
1156,php,2367,2021-02-13,9,5.2
1157,Ruby,246,2021-02-13,4,4
1159,1c,8524,2021-02-13,12,14.1
1160,Data scientist,431,2021-02-13,10,11.9
1161,Scala,179,2021-02-13,3,1.2
1162,Swift,88,2021-02-13,2,3.9
1163,Python,1357,2021-02-14,7,9.1
1164,C%23,1384,2021-02-14,7,7.7
1166,Java,3291,2021-02-14,7,5.9
1167,Javascript,1493,2021-02-14,8,4.9
1168,php,2332,2021-02-14,9,5.2
1169,Ruby,242,2021-02-14,5,4.1
1171,1c,8380,2021-02-14,12,14.4
1172,Data scientist,418,2021-02-14,10,12.2
1173,Scala,175,2021-02-14,3,1.2
1174,Swift,86,2021-02-14,2,4
1175,Python,1343,2021-02-15,7,9.2
1176,C%23,1361,2021-02-15,7,7.8
1178,Java,3217,2021-02-15,6,6.1
1179,Javascript,1462,2021-02-15,8,5.1
1180,php,2285,2021-02-15,8,5.3
1181,Ruby,238,2021-02-15,4,4.1
1183,1c,8220,2021-02-15,12,14.7
1184,Data scientist,409,2021-02-15,10,12.5
1185,Scala,171,2021-02-15,4,1.2
1186,Swift,84,2021-02-15,2,4.1
1187,Python,1380,2021-02-16,6,9
1188,C%23,1405,2021-02-16,7,7.6
1190,Java,3282,2021-02-16,7,5.9
1191,Javascript,1488,2021-02-16,8,5
1192,php,2346,2021-02-16,8,5.2
1193,Ruby,239,2021-02-16,4,4.1
1062,Golang,266,2021-02-05,9,2.5
1074,Golang,276,2021-02-06,8,2.4
1086,Golang,278,2021-02-07,8,2.4
1098,Golang,278,2021-02-08,8,2.4
1110,Golang,281,2021-02-09,8,2.4
1122,Golang,284,2021-02-10,8,2.4
1134,Golang,276,2021-02-11,7,2.4
1146,Golang,272,2021-02-12,7,2.5
1158,Golang,273,2021-02-13,7,2.5
1170,Golang,265,2021-02-14,7,2.6
1195,1c,8449,2021-02-16,12,14.3
1196,Data scientist,414,2021-02-16,9,12.4
1197,Scala,179,2021-02-16,4,1.2
1198,Swift,84,2021-02-16,2,4.2
1199,Python,1406,2021-02-17,6,8.8
1200,C%23,1441,2021-02-17,8,7.4
1202,Java,3378,2021-02-17,7,5.8
1203,Javascript,1542,2021-02-17,8,4.8
1204,php,2453,2021-02-17,8,5
1205,Ruby,243,2021-02-17,4,4
1207,1c,8634,2021-02-17,12,14
1208,Data scientist,418,2021-02-17,9,12.3
1209,Scala,188,2021-02-17,3,1.1
1210,Swift,86,2021-02-17,2,4.1
1211,Python,1420,2021-02-18,6,8.7
1212,C%23,1442,2021-02-18,7,7.4
1214,Java,3388,2021-02-18,7,5.8
1215,Javascript,1550,2021-02-18,8,4.8
1216,php,2408,2021-02-18,8,5.1
1217,Ruby,234,2021-02-18,3,4.2
1219,1c,8616,2021-02-18,12,14
1220,Data scientist,414,2021-02-18,10,12.4
1221,Scala,187,2021-02-18,4,1.1
1222,Swift,90,2021-02-18,6,3.9
1223,Python,1417,2021-02-19,6,8.8
1224,C%23,1453,2021-02-19,7,7.3
1226,Java,3374,2021-02-19,7,5.8
1227,Javascript,1541,2021-02-19,8,4.8
1228,php,2406,2021-02-19,8,5.1
1229,Ruby,241,2021-02-19,4,4.1
1231,1c,8609,2021-02-19,12,14
1232,Data scientist,419,2021-02-19,10,12.2
1233,Scala,187,2021-02-19,4,1.1
1234,Swift,89,2021-02-19,4,3.9
1235,Python,1448,2021-02-20,7,8.6
1236,C%23,1448,2021-02-20,7,7.3
1238,Java,3369,2021-02-20,6,5.8
1239,Javascript,1547,2021-02-20,8,4.8
1240,php,2425,2021-02-20,8,5
1241,Ruby,256,2021-02-20,4,3.8
1243,1c,8635,2021-02-20,12,14
1244,Data scientist,416,2021-02-20,10,12.3
1245,Scala,189,2021-02-20,3,1.1
1246,Swift,90,2021-02-20,4,3.9
1247,Python,1444,2021-02-21,7,8.6
1248,C%23,1444,2021-02-21,7,7.4
1250,Java,3383,2021-02-21,6,5.8
1251,Javascript,1543,2021-02-21,8,4.8
1252,php,2392,2021-02-21,8,5.1
1253,Ruby,249,2021-02-21,4,3.9
1255,1c,8595,2021-02-21,12,14
1256,Data scientist,416,2021-02-21,10,12.3
1257,Scala,187,2021-02-21,3,1.1
1258,Swift,87,2021-02-21,5,4
1259,Python,1418,2021-02-22,6,8.8
1260,C%23,1430,2021-02-22,7,7.4
1262,Java,3303,2021-02-22,6,5.9
1263,Javascript,1507,2021-02-22,8,4.9
1264,php,2326,2021-02-22,8,5.2
1265,Ruby,243,2021-02-22,4,4
1267,1c,8424,2021-02-22,12,14.3
1268,Data scientist,411,2021-02-22,10,12.5
1269,Scala,186,2021-02-22,3,1.1
1270,Swift,70,2021-02-22,6,5
1271,Python,1434,2021-02-23,6,8.7
1272,C%23,1435,2021-02-23,7,7.4
1274,Java,3331,2021-02-23,6,5.9
1275,Javascript,1525,2021-02-23,8,4.8
1276,php,2455,2021-02-23,12,5
1277,Ruby,246,2021-02-23,4,4
1279,1c,8429,2021-02-23,12,14.3
1280,Data scientist,418,2021-02-23,10,12.3
1281,Scala,190,2021-02-23,3,1.1
1282,Swift,72,2021-02-23,6,4.8
1283,Python,1439,2021-02-24,6,8.7
1284,C%23,1441,2021-02-24,7,7.4
1286,Java,3347,2021-02-24,6,5.9
1287,Javascript,1529,2021-02-24,9,4.9
1288,php,2443,2021-02-24,8,5
1289,Ruby,250,2021-02-24,4,3.9
1291,1c,8449,2021-02-24,12,14.3
1292,Data scientist,417,2021-02-24,10,12.4
1293,Scala,189,2021-02-24,3,1.1
1294,Swift,72,2021-02-24,6,4.9
1295,Python,1451,2021-02-25,6,8.6
1296,C%23,1440,2021-02-25,7,7.4
1298,Java,3351,2021-02-25,6,5.9
1299,Javascript,1622,2021-02-25,8,4.6
1300,php,2532,2021-02-25,7,4.8
1301,Ruby,250,2021-02-25,4,3.9
1303,1c,8504,2021-02-25,12,14.2
1304,Data scientist,414,2021-02-25,9,12.5
1305,Scala,186,2021-02-25,4,1.1
1306,Swift,75,2021-02-25,5,4.7
1307,Python,1439,2021-02-26,6,8.7
1308,C%23,1438,2021-02-26,6,7.4
1310,Java,3399,2021-02-26,6,5.8
1311,Javascript,1654,2021-02-26,8,4.5
1312,php,2545,2021-02-26,8,4.8
1313,Ruby,252,2021-02-26,4,3.9
1315,1c,8499,2021-02-26,12,14.2
1316,Data scientist,419,2021-02-26,10,12.4
1317,Scala,187,2021-02-26,4,1.1
1318,Swift,76,2021-02-26,4,4.6
1319,Python,1445,2021-02-27,5,8.7
1320,C%23,1429,2021-02-27,6,7.5
1322,Java,3394,2021-02-27,6,5.8
1323,Javascript,1677,2021-02-27,8,4.4
1324,php,2559,2021-02-27,8,4.8
1325,Ruby,247,2021-02-27,4,3.9
1327,1c,8417,2021-02-27,12,14.4
1206,Golang,270,2021-02-17,8,2.5
1218,Golang,270,2021-02-18,8,2.5
1230,Golang,273,2021-02-19,8,2.5
1242,Golang,273,2021-02-20,8,2.5
1254,Golang,268,2021-02-21,8,2.5
1266,Golang,267,2021-02-22,8,2.6
1278,Golang,270,2021-02-23,8,2.5
1290,Golang,264,2021-02-24,8,2.6
1302,Golang,270,2021-02-25,9,2.5
1314,Golang,277,2021-02-26,8,2.5
1328,Data scientist,411,2021-02-27,10,12.6
1329,Scala,185,2021-02-27,4,1.2
1330,Swift,77,2021-02-27,4,4.5
1331,Frontend,3084,2021-02-27,7,9
61,cpp,1006,2020-11-20,9,10
73,cpp,978,2020-11-21,9,11
85,cpp,955,2020-11-22,8,11
97,cpp,937,2020-11-23,8,11
109,cpp,951,2020-11-24,9,11
121,cpp,967,2020-11-25,8,11
133,cpp,962,2020-11-26,9,11
145,cpp,958,2020-11-27,9,11
157,cpp,958,2020-11-28,9,11
169,cpp,947,2020-11-29,9,11
181,cpp,931,2020-11-30,9,11
193,cpp,946,2020-12-01,9,11
205,cpp,954,2020-12-02,9,11
217,cpp,949,2020-12-03,9,11
229,cpp,952,2020-12-04,9,11
241,cpp,965,2020-12-05,9,11
253,cpp,949,2020-12-06,9,11
265,cpp,942,2020-12-07,9,11
277,cpp,962,2020-12-08,9,11
289,cpp,995,2020-12-09,8,10
301,cpp,972,2020-12-10,9,11
313,cpp,974,2020-12-11,8,11
325,cpp,979,2020-12-12,8,10.6
361,cpp,957,2020-12-13,8,10.8
373,cpp,942,2020-12-14,8,11
385,cpp,957,2020-12-15,8,10.8
397,cpp,964,2020-12-16,8,10.7
409,cpp,948,2020-12-17,8,10.9
421,cpp,964,2020-12-18,8,10.7
433,cpp,963,2020-12-19,8,10.7
445,cpp,948,2020-12-20,8,10.9
457,cpp,931,2020-12-21,8,11.1
469,cpp,937,2020-12-22,8,11
481,cpp,933,2020-12-23,8,11.1
493,cpp,926,2020-12-24,7,11.2
505,cpp,920,2020-12-25,7,11.2
541,cpp,893,2020-12-26,7,11.6
553,cpp,885,2020-12-27,7,11.7
565,cpp,859,2020-12-28,7,12
577,cpp,873,2020-12-29,7,11.9
589,cpp,858,2020-12-30,7,12.1
601,cpp,844,2020-12-31,7,12.3
613,cpp,832,2021-01-01,7,12.4
625,cpp,832,2021-01-02,7,12.4
637,cpp,834,2021-01-03,7,12.4
649,cpp,836,2021-01-04,7,12.4
661,cpp,838,2021-01-05,7,12.4
673,cpp,846,2021-01-06,7,12.3
685,cpp,852,2021-01-07,7,12.2
697,cpp,849,2021-01-08,7,12.2
709,cpp,849,2021-01-09,7,12.3
721,cpp,830,2021-01-10,7,12.5
733,cpp,817,2021-01-11,7,12.8
745,cpp,857,2021-01-12,7,12.2
757,cpp,877,2021-01-13,7,11.9
793,cpp,904,2021-01-14,7,11.6
805,cpp,943,2021-01-15,7,11.1
817,cpp,936,2021-01-16,7,11.2
829,cpp,928,2021-01-17,7,11.3
841,cpp,920,2021-01-18,7,11.4
853,cpp,950,2021-01-19,7,11.1
865,cpp,989,2021-01-20,7,10.6
877,cpp,1009,2021-01-21,7,10.4
889,cpp,1023,2021-01-22,7,10.3
901,cpp,1036,2021-01-23,7,10.2
913,cpp,1018,2021-01-24,7,10.3
925,cpp,1011,2021-01-25,7,10.4
937,cpp,1038,2021-01-26,7,10.2
949,cpp,1073,2021-01-27,7,9.8
961,cpp,1094,2021-01-28,8,9.7
973,cpp,1104,2021-01-29,8,9.6
985,cpp,1116,2021-01-30,8,9.5
997,cpp,1107,2021-01-31,8,9.5
1009,cpp,1101,2021-02-01,8,9.6
1021,cpp,1107,2021-02-02,8,9.6
1033,cpp,1125,2021-02-03,8,9.4
1045,cpp,1145,2021-02-04,7,9.2
1057,cpp,1157,2021-02-05,7,9.1
1069,cpp,1170,2021-02-06,7,9
1081,cpp,1163,2021-02-07,7,9.1
1093,cpp,1159,2021-02-08,7,9.1
1105,cpp,1171,2021-02-09,7,9.1
1117,cpp,1185,2021-02-10,8,9
1129,cpp,1169,2021-02-11,8,9.1
1141,cpp,1183,2021-02-12,7,9
1153,cpp,1170,2021-02-13,7,9.1
1165,cpp,1136,2021-02-14,7,9.4
1177,cpp,1118,2021-02-15,7,9.5
1189,cpp,1149,2021-02-16,7,9.3
1201,cpp,1160,2021-02-17,7,9.2
1213,cpp,1155,2021-02-18,8,9.2
1225,cpp,1165,2021-02-19,8,9.1
1237,cpp,1157,2021-02-20,8,9.2
1249,cpp,1153,2021-02-21,7,9.2
1261,cpp,1131,2021-02-22,7,9.4
1273,cpp,1137,2021-02-23,7,9.4
1285,cpp,1128,2021-02-24,7,9.5
1297,cpp,1116,2021-02-25,7,9.6
1309,cpp,1111,2021-02-26,7,9.6
1321,cpp,1123,2021-02-27,7,9.5
1332,Python,1431,2021-02-28,6,8.8
1333,C%23,1399,2021-02-28,6,7.6
1334,cpp,1117,2021-02-28,7,9.6
1335,Java,3338,2021-02-28,6,5.9
1336,Javascript,1655,2021-02-28,8,4.5
1337,php,2511,2021-02-28,8,4.9
1338,Ruby,249,2021-02-28,4,3.9
1340,1c,8233,2021-02-28,12,14.7
1341,Data scientist,399,2021-02-28,10,13
1342,Scala,180,2021-02-28,4,1.2
1343,Swift,77,2021-02-28,4,4.5
1344,Frontend,3029,2021-02-28,7,9.2
1345,DevOps,1809,2021-02-28,5,1.8
1346,Python,1397,2021-03-01,5,9
1347,C%23,1377,2021-03-01,6,7.7
1348,cpp,1102,2021-03-01,7,9.7
1349,Java,3247,2021-03-01,6,6.1
1350,Javascript,1651,2021-03-01,8,4.5
1351,php,2476,2021-03-01,7,4.9
1352,Ruby,242,2021-03-01,5,4
1354,1c,8107,2021-03-01,12,14.9
1355,Data scientist,399,2021-03-01,10,13
1356,Scala,178,2021-03-01,4,1.2
1357,Swift,78,2021-03-01,5,4.5
1358,Frontend,2990,2021-03-01,7,9.3
1359,DevOps,1777,2021-03-01,5,1.8
1360,Python,1464,2021-03-02,5,8.6
1361,C%23,1425,2021-03-02,6,7.5
1362,cpp,1148,2021-03-02,7,9.3
1363,Java,3353,2021-03-02,6,5.9
1364,Javascript,1697,2021-03-02,8,4.4
1365,php,2529,2021-03-02,7,4.8
1366,Ruby,256,2021-03-02,5,3.8
1368,1c,8320,2021-03-02,12,14.5
1369,Data scientist,411,2021-03-02,10,12.6
1370,Scala,180,2021-03-02,4,1.2
1371,Swift,79,2021-03-02,5,4.4
1372,Frontend,3072,2021-03-02,7,9.1
1373,DevOps,1826,2021-03-02,5,1.7
1374,Python,1484,2021-03-03,5,8.5
1375,C%23,1452,2021-03-03,6,7.4
1376,cpp,1183,2021-03-03,7,9.1
1377,Java,3385,2021-03-03,6,5.8
1378,Javascript,1761,2021-03-03,8,4.2
1379,php,2592,2021-03-03,7,4.7
1380,Ruby,259,2021-03-03,5,3.7
1382,1c,8549,2021-03-03,12,14.1
1383,Data scientist,416,2021-03-03,10,12.5
1384,Scala,180,2021-03-03,4,1.2
1385,Swift,79,2021-03-03,4,4.4
1386,Frontend,3182,2021-03-03,7,8.8
1387,DevOps,1863,2021-03-03,5,1.7
1388,Python,1529,2021-03-04,5,8.2
1389,C%23,1451,2021-03-04,6,7.4
1390,cpp,1184,2021-03-04,7,9.1
1391,Java,3393,2021-03-04,7,5.8
1392,Javascript,1764,2021-03-04,8,4.2
1393,php,2590,2021-03-04,7,4.7
1394,Ruby,257,2021-03-04,4,3.8
1396,1c,8579,2021-03-04,12,14.1
1397,Data scientist,424,2021-03-04,10,12.3
1398,Scala,182,2021-03-04,4,1.2
1399,Swift,75,2021-03-04,4,4.7
1400,Frontend,3181,2021-03-04,7,8.8
1401,DevOps,1891,2021-03-04,5,1.7
1402,Python,1541,2021-03-05,5,8.2
1403,C%23,1451,2021-03-05,6,7.4
1404,cpp,1188,2021-03-05,7,9
1405,Java,3384,2021-03-05,7,5.8
1406,Javascript,1766,2021-03-05,8,4.2
1407,php,2639,2021-03-05,8,4.6
1408,Ruby,254,2021-03-05,4,3.8
1410,1c,8607,2021-03-05,13,14.1
1411,Data scientist,439,2021-03-05,9,11.9
1412,Scala,177,2021-03-05,5,1.2
1413,Swift,73,2021-03-05,4,4.8
1414,Frontend,3204,2021-03-05,7,8.7
1415,DevOps,1913,2021-03-05,6,1.7
1416,ABAP,152,2021-03-05,13,5.3
1417,Python,1524,2021-03-06,5,8.3
1418,C%23,1425,2021-03-06,6,7.5
1419,cpp,1174,2021-03-06,7,9.1
1420,Java,3349,2021-03-06,7,5.9
1421,Javascript,1767,2021-03-06,8,4.2
1422,php,2631,2021-03-06,7,4.6
1423,Ruby,250,2021-03-06,4,3.9
1425,1c,8622,2021-03-06,12,14
1426,Data scientist,432,2021-03-06,9,12.1
1427,Scala,176,2021-03-06,6,1.2
1428,Swift,68,2021-03-06,4,5.1
1429,Frontend,3175,2021-03-06,6,8.8
1430,DevOps,1934,2021-03-06,5,1.6
1431,ABAP,152,2021-03-06,12,5.3
1432,Python,1488,2021-03-07,5,8.5
1433,C%23,1398,2021-03-07,6,7.6
1434,cpp,1150,2021-03-07,7,9.3
1435,Java,3292,2021-03-07,7,6
1436,Javascript,1750,2021-03-07,8,4.3
1437,php,2583,2021-03-07,7,4.7
1438,Ruby,242,2021-03-07,4,4
1440,1c,8456,2021-03-07,12,14.3
1441,Data scientist,422,2021-03-07,9,12.4
1442,Scala,171,2021-03-07,5,1.2
1443,Swift,65,2021-03-07,5,5.4
1444,Frontend,3126,2021-03-07,6,8.9
1445,DevOps,1899,2021-03-07,5,1.7
1446,ABAP,150,2021-03-07,12,5.4
1447,Python,1461,2021-03-08,5,8.6
1448,C%23,1373,2021-03-08,6,7.8
1449,cpp,1130,2021-03-08,7,9.5
1450,Java,3232,2021-03-08,7,6.1
1451,Javascript,1721,2021-03-08,7,4.4
1452,php,2534,2021-03-08,7,4.8
1453,Ruby,236,2021-03-08,4,4.1
1455,1c,8296,2021-03-08,12,14.6
1456,Data scientist,414,2021-03-08,10,12.6
1457,Scala,169,2021-03-08,5,1.2
1458,Swift,65,2021-03-08,5,5.4
1459,Frontend,3082,2021-03-08,6,9.1
1460,DevOps,1871,2021-03-08,5,1.7
1461,ABAP,145,2021-03-08,12,5.6
1462,Python,1458,2021-03-09,5,8.6
1463,C%23,1381,2021-03-09,6,7.7
1464,cpp,1125,2021-03-09,7,9.5
1465,Java,3224,2021-03-09,7,6.1
1466,Javascript,1724,2021-03-09,8,4.3
1467,php,2535,2021-03-09,7,4.8
1468,Ruby,236,2021-03-09,4,4.1
1470,1c,8297,2021-03-09,12,14.6
1471,Data scientist,417,2021-03-09,10,12.5
1472,Scala,169,2021-03-09,5,1.2
1473,Swift,64,2021-03-09,5,5.5
1474,Frontend,3083,2021-03-09,6,9.1
1475,DevOps,1874,2021-03-09,5,1.7
1476,ABAP,145,2021-03-09,12,5.6
1477,Python,1483,2021-03-10,5,8.5
1478,C%23,1433,2021-03-10,6,7.5
1479,cpp,1154,2021-03-10,7,9.3
1480,Java,3330,2021-03-10,7,5.9
1481,Javascript,1785,2021-03-10,8,4.2
1482,php,2593,2021-03-10,7,4.7
1483,Ruby,247,2021-03-10,5,3.9
1485,1c,8518,2021-03-10,12,14.2
1486,Data scientist,421,2021-03-10,10,12.5
1487,Scala,170,2021-03-10,5,1.2
1488,Swift,65,2021-03-10,5,5.4
1489,Frontend,3184,2021-03-10,6,8.8
1490,DevOps,1904,2021-03-10,5,1.7
1491,ABAP,151,2021-03-10,12,5.4
1492,Python,1552,2021-03-11,5,8.1
1493,C%23,1473,2021-03-11,7,7.3
1494,cpp,1153,2021-03-11,7,9.3
1495,Java,3314,2021-03-11,7,5.9
1496,Javascript,1779,2021-03-11,8,4.2
1497,php,2587,2021-03-11,7,4.7
1498,Ruby,250,2021-03-11,5,3.9
1500,1c,8545,2021-03-11,12,14.2
1501,Data scientist,420,2021-03-11,10,12.5
1502,Scala,165,2021-03-11,5,1.3
1503,Swift,65,2021-03-11,5,5.4
1504,Frontend,3160,2021-03-11,6,8.9
1505,DevOps,1894,2021-03-11,5,1.7
1506,ABAP,151,2021-03-11,12,5.4
1507,Python,1536,2021-03-12,5,8.2
1508,C%23,1470,2021-03-12,6,7.3
1509,cpp,1167,2021-03-12,7,9.2
1510,Java,3368,2021-03-12,7,5.9
1511,Javascript,1781,2021-03-12,8,4.2
1512,php,2612,2021-03-12,8,4.7
1513,Ruby,258,2021-03-12,4,3.8
1515,1c,8576,2021-03-12,12,14.1
1516,Data scientist,426,2021-03-12,10,12.3
1517,Scala,163,2021-03-12,6,1.3
1518,Swift,65,2021-03-12,6,5.4
1519,Frontend,3171,2021-03-12,6,8.9
1520,DevOps,1906,2021-03-12,5,1.7
1521,ABAP,146,2021-03-12,12,5.5
1522,Python,1539,2021-03-13,5,8.2
1523,C%23,1467,2021-03-13,7,7.3
1524,cpp,1165,2021-03-13,7,9.2
1525,Java,3374,2021-03-13,7,5.8
1526,Javascript,1788,2021-03-13,8,4.2
1527,php,2608,2021-03-13,8,4.7
1528,Ruby,260,2021-03-13,5,3.7
1530,1c,8603,2021-03-13,12,14.1
1531,Data scientist,445,2021-03-13,9,11.8
1532,Scala,162,2021-03-13,6,1.3
1533,Swift,62,2021-03-13,5,5.6
1534,Frontend,3170,2021-03-13,6,8.9
1535,DevOps,1908,2021-03-13,5,1.7
1536,ABAP,145,2021-03-13,12,5.6
1537,Python,1512,2021-03-14,5,8.4
1538,C%23,1437,2021-03-14,7,7.4
1539,cpp,1138,2021-03-14,7,9.4
1540,Java,3288,2021-03-14,6,6
1541,Javascript,1756,2021-03-14,8,4.3
1542,php,2547,2021-03-14,8,4.8
1543,Ruby,252,2021-03-14,5,3.9
1545,1c,8479,2021-03-14,12,14.3
1546,Data scientist,429,2021-03-14,10,12.3
1547,Scala,159,2021-03-14,6,1.3
1548,Swift,60,2021-03-14,5,5.8
1549,Frontend,3118,2021-03-14,6,9
1550,DevOps,1877,2021-03-14,5,1.7
1551,ABAP,138,2021-03-14,13,5.9
1552,Python,1482,2021-03-15,5,8.6
1553,C%23,1406,2021-03-15,7,7.6
1554,cpp,1121,2021-03-15,7,9.6
1555,Java,3226,2021-03-15,6,6.1
1556,Javascript,1723,2021-03-15,8,4.4
1557,php,2490,2021-03-15,8,4.9
1558,Ruby,247,2021-03-15,4,3.9
1560,1c,8321,2021-03-15,12,14.6
1561,Data scientist,420,2021-03-15,10,12.5
1562,Scala,151,2021-03-15,5,1.4
1563,Swift,56,2021-03-15,5,6.2
1564,Frontend,3067,2021-03-15,6,9.2
1565,DevOps,1852,2021-03-15,5,1.7
1566,ABAP,137,2021-03-15,13,5.9
1567,Python,1537,2021-03-16,5,8.3
1568,C%23,1440,2021-03-16,6,7.4
1569,cpp,1149,2021-03-16,7,9.4
1570,Java,3348,2021-03-16,7,5.9
1571,Javascript,1749,2021-03-16,9,4.3
1572,php,2551,2021-03-16,8,4.8
1573,Ruby,276,2021-03-16,4,3.5
1575,1c,8556,2021-03-16,12,14.2
1576,Data scientist,431,2021-03-16,10,12.2
1577,Scala,156,2021-03-16,6,1.3
1578,Swift,61,2021-03-16,5,5.8
1579,Frontend,3159,2021-03-16,6,8.9
1580,DevOps,1903,2021-03-16,6,1.7
1581,ABAP,146,2021-03-16,14,5.6
1582,Python,1601,2021-03-17,5,7.9
1583,C%23,1465,2021-03-17,7,7.3
1584,cpp,1184,2021-03-17,7,9.1
1585,Java,3417,2021-03-17,7,5.8
1586,Javascript,1769,2021-03-17,9,4.3
1587,php,2601,2021-03-17,8,4.7
1588,Ruby,279,2021-03-17,4,3.5
1590,1c,8763,2021-03-17,12,13.8
1591,Data scientist,438,2021-03-17,10,12.1
1592,Scala,155,2021-03-17,5,1.4
1593,Swift,57,2021-03-17,5,6.2
1594,Frontend,3187,2021-03-17,6,8.9
1595,DevOps,1931,2021-03-17,5,1.6
1596,ABAP,155,2021-03-17,13,5.3
1597,Python,1605,2021-03-18,5,7.9
1598,C%23,1442,2021-03-18,7,7.4
1599,cpp,1185,2021-03-18,7,9.1
1600,Java,3408,2021-03-18,7,5.8
1601,Javascript,1776,2021-03-18,9,4.3
1602,php,2603,2021-03-18,7,4.7
1603,Ruby,288,2021-03-18,4,3.4
1605,1c,8728,2021-03-18,12,13.9
1606,Data scientist,438,2021-03-18,10,12.1
1607,Scala,154,2021-03-18,6,1.4
1608,Swift,65,2021-03-18,5,5.5
1609,Frontend,3197,2021-03-18,6,8.9
1610,DevOps,1930,2021-03-18,6,1.7
1611,ABAP,153,2021-03-18,13,5.4
1612,Python,1614,2021-03-19,5,7.9
1613,C%23,1427,2021-03-19,7,7.5
1614,cpp,1189,2021-03-19,7,9.1
1615,Java,3453,2021-03-19,7,5.7
1616,Javascript,1782,2021-03-19,9,4.2
1617,php,2556,2021-03-19,7,4.8
1618,Ruby,292,2021-03-19,4,3.3
1620,1c,8779,2021-03-19,12,13.8
1621,Data scientist,449,2021-03-19,11,11.8
1622,Scala,154,2021-03-19,6,1.4
1623,Swift,66,2021-03-19,5,5.4
1624,Frontend,3206,2021-03-19,6,8.8
1625,DevOps,1932,2021-03-19,6,1.7
1626,ABAP,151,2021-03-19,13,5.4
1627,Python,1637,2021-03-20,5,7.8
1628,C%23,1427,2021-03-20,7,7.5
1629,cpp,1180,2021-03-20,7,9.1
1630,Java,3428,2021-03-20,7,5.7
1631,Javascript,1773,2021-03-20,9,4.3
1632,php,2566,2021-03-20,7,4.7
1633,Ruby,298,2021-03-20,5,3.3
1635,1c,8776,2021-03-20,12,13.8
1636,Data scientist,448,2021-03-20,10,11.8
1637,Scala,155,2021-03-20,6,1.4
1638,Swift,67,2021-03-20,3,5.3
1639,Frontend,3183,2021-03-20,6,8.9
1640,DevOps,1963,2021-03-20,6,1.6
1641,ABAP,156,2021-03-20,13,5.3
1642,Python,1622,2021-03-21,5,7.9
1643,C%23,1403,2021-03-21,6,7.6
1644,cpp,1150,2021-03-21,7,9.4
1645,Java,3364,2021-03-21,7,5.9
1646,Javascript,1733,2021-03-21,9,4.4
1647,php,2513,2021-03-21,7,4.8
1648,Ruby,290,2021-03-21,4,3.4
1650,1c,8585,2021-03-21,12,14.1
1651,Data scientist,434,2021-03-21,10,12.2
1652,Scala,153,2021-03-21,7,1.4
1653,Swift,66,2021-03-21,3,5.4
1654,Frontend,3128,2021-03-21,6,9.1
1655,DevOps,1929,2021-03-21,6,1.6
1656,ABAP,150,2021-03-21,13,5.5
1657,Python,1589,2021-03-22,5,8
1658,C%23,1382,2021-03-22,6,7.8
1659,cpp,1136,2021-03-22,7,9.5
1660,Java,3284,2021-03-22,7,6
1661,Javascript,1687,2021-03-22,9,4.5
1662,php,2471,2021-03-22,7,4.9
1663,Ruby,288,2021-03-22,4,3.4
1665,1c,8426,2021-03-22,12,14.4
1666,Data scientist,422,2021-03-22,10,12.6
1667,Scala,148,2021-03-22,7,1.4
1668,Swift,66,2021-03-22,3,5.4
1669,Frontend,3077,2021-03-22,6,9.2
1670,DevOps,1898,2021-03-22,6,1.7
1671,ABAP,148,2021-03-22,14,5.6
1672,Python,1610,2021-03-23,5,7.9
1673,C%23,1385,2021-03-23,6,7.8
1674,cpp,1153,2021-03-23,7,9.4
1675,Java,3331,2021-03-23,7,5.9
1676,Javascript,1732,2021-03-23,9,4.4
1677,php,2546,2021-03-23,7,4.8
1678,Ruby,290,2021-03-23,4,3.4
1680,1c,8538,2021-03-23,12,14.2
1681,Data scientist,427,2021-03-23,10,12.4
1682,Scala,151,2021-03-23,7,1.4
1683,Swift,65,2021-03-23,3,5.5
1684,Frontend,3098,2021-03-23,6,9.2
1685,DevOps,1941,2021-03-23,6,1.6
1686,ABAP,154,2021-03-23,14,5.3
1687,Python,1643,2021-03-24,5,7.8
1688,C%23,1403,2021-03-24,6,7.7
1689,cpp,1175,2021-03-24,7,9.2
1690,Java,3441,2021-03-24,6,5.7
1691,Javascript,1764,2021-03-24,9,4.3
1692,php,2588,2021-03-24,7,4.7
1693,Ruby,303,2021-03-24,5,3.2
1695,1c,8752,2021-03-24,12,13.9
1696,Data scientist,440,2021-03-24,10,12.1
1697,Scala,157,2021-03-24,6,1.3
1698,Swift,68,2021-03-24,3,5.2
1699,Frontend,3183,2021-03-24,6,8.9
1700,DevOps,1996,2021-03-24,6,1.6
1701,ABAP,159,2021-03-24,13,5.2
1702,Python,1665,2021-03-25,5,7.7
1703,C%23,1431,2021-03-25,6,7.5
1704,cpp,1196,2021-03-25,7,9
1705,Java,3486,2021-03-25,6,5.7
1706,Javascript,1776,2021-03-25,8,4.3
1707,php,2624,2021-03-25,7,4.6
1708,Ruby,314,2021-03-25,5,3.1
1710,1c,8936,2021-03-25,12,13.6
1711,Data scientist,437,2021-03-25,10,12.2
1712,Scala,156,2021-03-25,7,1.3
1713,Swift,64,2021-03-25,3,5.6
1714,Frontend,3220,2021-03-25,6,8.8
1715,DevOps,1992,2021-03-25,6,1.6
1716,ABAP,162,2021-03-25,14,5.1
1717,Python,1681,2021-03-26,5,7.6
1718,C%23,1440,2021-03-26,7,7.5
1719,cpp,1204,2021-03-26,8,9
1720,Java,3490,2021-03-26,7,5.7
1721,Javascript,1804,2021-03-26,8,4.2
1722,php,2580,2021-03-26,8,4.7
1723,Ruby,312,2021-03-26,4,3.1
1725,1c,9052,2021-03-26,12,13.4
1726,Data scientist,442,2021-03-26,10,12.1
1727,Scala,159,2021-03-26,7,1.3
1728,iOS,1147,2021-03-26,5,3.2
1729,Frontend,3279,2021-03-26,6,8.7
1730,DevOps,2004,2021-03-26,6,1.6
1731,ABAP,165,2021-03-26,13,4.9
1732,Android,1241,2021-03-26,6,4.4
1733,Python,1654,2021-03-27,5,7.7
1734,C%23,1434,2021-03-27,7,7.5
1735,cpp,1202,2021-03-27,8,9
1736,Java,3450,2021-03-27,7,5.7
1737,Javascript,1700,2021-03-27,9,4.5
1738,php,2460,2021-03-27,8,4.9
1739,Ruby,312,2021-03-27,4,3.1
1741,1c,8976,2021-03-27,12,13.5
1742,Data scientist,438,2021-03-27,10,12.2
1743,Scala,157,2021-03-27,6,1.3
1744,iOS,1136,2021-03-27,5,3.3
1745,Frontend,3259,2021-03-27,6,8.8
1746,DevOps,1977,2021-03-27,6,1.6
1747,ABAP,165,2021-03-27,13,5
1748,Android,1226,2021-03-27,6,4.5
1749,Python,1641,2021-03-28,5,7.8
1750,C%23,1403,2021-03-28,7,7.7
1751,cpp,1180,2021-03-28,8,9.1
1752,Java,3406,2021-03-28,7,5.8
1753,Javascript,1669,2021-03-28,9,4.6
1754,php,2420,2021-03-28,8,5
1755,Ruby,306,2021-03-28,4,3.2
1757,1c,8823,2021-03-28,12,13.7
1758,Data scientist,422,2021-03-28,9,12.7
1759,Scala,155,2021-03-28,6,1.3
1760,iOS,1120,2021-03-28,5,3.3
1761,Frontend,3214,2021-03-28,6,8.9
1762,DevOps,1930,2021-03-28,6,1.6
1763,ABAP,155,2021-03-28,14,5.3
1764,Android,1203,2021-03-28,6,4.6
1765,Python,1624,2021-03-29,5,7.9
1766,C%23,1367,2021-03-29,7,7.9
1767,cpp,1159,2021-03-29,8,9.3
1768,Java,3327,2021-03-29,7,5.9
1769,Javascript,1609,2021-03-29,9,4.7
1770,php,2359,2021-03-29,7,5.1
1771,Ruby,300,2021-03-29,4,3.2
1773,1c,8677,2021-03-29,12,14
1774,Data scientist,414,2021-03-29,9,12.9
1775,Scala,156,2021-03-29,6,1.3
1776,iOS,1093,2021-03-29,5,3.4
1777,Frontend,3124,2021-03-29,6,9.1
1778,DevOps,1889,2021-03-29,6,1.7
1779,ABAP,152,2021-03-29,14,5.4
1780,Android,1171,2021-03-29,6,4.7
1781,Python,1663,2021-03-30,5,7.7
1782,C%23,1399,2021-03-30,7,7.7
1783,cpp,1187,2021-03-30,8,9.1
1784,Java,3417,2021-03-30,7,5.8
1785,Javascript,1685,2021-03-30,9,4.5
1786,php,2457,2021-03-30,7,4.9
1787,Ruby,309,2021-03-30,4,3.1
1789,1c,8991,2021-03-30,12,13.5
1790,Data scientist,431,2021-03-30,10,12.4
1791,Scala,161,2021-03-30,7,1.3
1792,iOS,1114,2021-03-30,5,3.3
1793,Frontend,3248,2021-03-30,5,8.8
1794,DevOps,1939,2021-03-30,6,1.6
1795,ABAP,165,2021-03-30,13,5
1796,Android,1208,2021-03-30,6,4.6
1797,Python,1681,2021-03-31,5,7.6
1798,C%23,1430,2021-03-31,7,7.5
1799,cpp,1212,2021-03-31,8,8.9
1800,Java,3461,2021-03-31,7,5.7
1801,Javascript,1720,2021-03-31,9,4.4
1802,php,2512,2021-03-31,8,4.8
1803,Ruby,311,2021-03-31,4,3.1
1805,1c,9153,2021-03-31,12,13.3
1806,Data scientist,443,2021-03-31,10,12.1
1807,Scala,164,2021-03-31,6,1.3
1808,iOS,1142,2021-03-31,5,3.3
1809,Frontend,3340,2021-03-31,5,8.6
1810,DevOps,1974,2021-03-31,6,1.6
1811,ABAP,166,2021-03-31,13,4.9
1812,Android,1245,2021-03-31,6,4.4
1813,Python,1657,2021-04-01,5,7.7
1814,C%23,1408,2021-04-01,7,7.7
1815,cpp,1219,2021-04-01,8,8.9
1816,Java,3418,2021-04-01,7,5.8
1817,Javascript,1719,2021-04-01,9,4.4
1818,php,2488,2021-04-01,8,4.9
1819,Ruby,312,2021-04-01,4,3.1
1821,1c,9045,2021-04-01,12,13.4
1822,Data scientist,444,2021-04-01,11,12.1
1823,Scala,156,2021-04-01,7,1.3
1824,iOS,1134,2021-04-01,5,3.3
1825,Frontend,3335,2021-04-01,5,8.6
1826,DevOps,1961,2021-04-01,6,1.6
1827,ABAP,164,2021-04-01,14,5
1828,Android,1250,2021-04-01,6,4.4
1829,Python,1682,2021-04-02,5,7.6
1830,C%23,1427,2021-04-02,7,7.5
1831,cpp,1220,2021-04-02,8,8.8
1832,Java,3432,2021-04-02,7,5.8
1833,Javascript,1716,2021-04-02,9,4.4
1834,php,2467,2021-04-02,8,4.9
1835,Ruby,316,2021-04-02,5,3
1837,1c,9008,2021-04-02,12,13.5
1838,Data scientist,451,2021-04-02,12,11.9
1839,Scala,156,2021-04-02,6,1.3
1840,iOS,1146,2021-04-02,5,3.3
1841,Frontend,3324,2021-04-02,5,8.6
1842,DevOps,1968,2021-04-02,6,1.6
1843,ABAP,160,2021-04-02,12,5.1
1844,Android,1254,2021-04-02,6,4.4
1845,Python,1645,2021-04-03,5,7.8
1846,C%23,1432,2021-04-03,7,7.5
1847,cpp,1223,2021-04-03,8,8.8
1848,Java,3389,2021-04-03,7,5.8
1849,Javascript,1705,2021-04-03,9,4.5
1850,php,2470,2021-04-03,8,4.9
1851,Ruby,319,2021-04-03,4,3
1853,1c,9016,2021-04-03,12,13.5
1854,Data scientist,445,2021-04-03,13,12.1
1855,Scala,160,2021-04-03,7,1.3
1856,iOS,1149,2021-04-03,5,3.2
1857,Frontend,3290,2021-04-03,5,8.7
1858,DevOps,1933,2021-04-03,6,1.6
1859,ABAP,162,2021-04-03,12,5
1860,Android,1253,2021-04-03,6,4.4
1861,Python,1619,2021-04-04,5,7.9
1862,C%23,1409,2021-04-04,7,7.6
1863,cpp,1196,2021-04-04,8,9
1864,Java,3323,2021-04-04,7,6
1865,Javascript,1652,2021-04-04,9,4.6
1866,php,2391,2021-04-04,8,5.1
1867,Ruby,318,2021-04-04,4,3
1869,1c,8824,2021-04-04,12,13.8
1870,Data scientist,432,2021-04-04,13,12.4
1871,Scala,160,2021-04-04,7,1.3
1872,iOS,1132,2021-04-04,5,3.3
1873,Frontend,3227,2021-04-04,6,8.9
1874,DevOps,1882,2021-04-04,6,1.7
1875,ABAP,155,2021-04-04,13,5.3
1876,Android,1228,2021-04-04,7,4.5
1877,Python,1602,2021-04-05,5,8
1878,C%23,1389,2021-04-05,7,7.8
1879,cpp,1198,2021-04-05,7,9
1880,Java,3280,2021-04-05,7,6
1881,Javascript,1612,2021-04-05,8,4.7
1882,php,2353,2021-04-05,8,5.2
1883,Ruby,316,2021-04-05,4,3
1885,1c,8708,2021-04-05,12,13.9
1886,Data scientist,429,2021-04-05,13,12.5
1887,Scala,159,2021-04-05,7,1.3
1888,iOS,1116,2021-04-05,5,3.3
1889,Frontend,3183,2021-04-05,6,9
1890,DevOps,1866,2021-04-05,6,1.7
1891,ABAP,155,2021-04-05,12,5.3
1892,Android,1217,2021-04-05,6,4.5
1893,Python,1650,2021-04-06,6,7.8
1894,C%23,1435,2021-04-06,7,7.5
1895,cpp,1236,2021-04-06,7,8.7
1896,Java,3368,2021-04-06,7,5.9
1897,Javascript,1673,2021-04-06,9,4.6
1898,php,2419,2021-04-06,9,5
1899,Ruby,324,2021-04-06,4,3
1901,1c,8922,2021-04-06,12,13.6
1902,Data scientist,440,2021-04-06,12,12.2
1903,Scala,157,2021-04-06,7,1.3
1904,iOS,1135,2021-04-06,6,3.3
1905,Frontend,3320,2021-04-06,6,8.7
1906,DevOps,1897,2021-04-06,6,1.7
1907,ABAP,164,2021-04-06,12,5
1908,Android,1258,2021-04-06,6,4.4
1909,Python,1690,2021-04-07,6,7.6
1910,C%23,1460,2021-04-07,7,7.4
1911,cpp,1252,2021-04-07,7,8.6
1912,Java,3445,2021-04-07,8,5.8
1913,Javascript,1737,2021-04-07,9,4.4
1914,php,2470,2021-04-07,9,4.9
1915,Ruby,332,2021-04-07,4,2.9
1917,1c,9186,2021-04-07,12,13.2
1918,Data scientist,442,2021-04-07,11,12.2
1919,Scala,158,2021-04-07,8,1.3
1920,iOS,1160,2021-04-07,6,3.2
1921,Frontend,3407,2021-04-07,6,8.4
1922,DevOps,1934,2021-04-07,7,1.7
1923,ABAP,168,2021-04-07,12,4.9
1924,Android,1279,2021-04-07,6,4.3
1925,Python,1720,2021-04-08,6,7.5
1926,C%23,1486,2021-04-08,7,7.3
1927,cpp,1283,2021-04-08,7,8.4
1928,Java,3508,2021-04-08,8,5.7
1929,Javascript,1761,2021-04-08,9,4.3
1930,php,2532,2021-04-08,9,4.8
1931,Ruby,337,2021-04-08,4,2.8
1933,1c,9388,2021-04-08,12,12.9
1934,Data scientist,452,2021-04-08,12,11.9
1935,Scala,163,2021-04-08,7,1.3
1936,iOS,1168,2021-04-08,6,3.2
1937,Frontend,3451,2021-04-08,6,8.3
1938,DevOps,1955,2021-04-08,7,1.6
1939,ABAP,171,2021-04-08,15,4.8
1940,Android,1302,2021-04-08,6,4.2
1941,Python,1712,2021-04-09,6,7.5
1942,C%23,1477,2021-04-09,7,7.3
1943,cpp,1315,2021-04-09,8,8.2
1944,Java,3435,2021-04-09,8,5.8
1945,Javascript,1735,2021-04-09,9,4.4
1946,php,2504,2021-04-09,9,4.8
1947,Ruby,349,2021-04-09,4,2.7
1949,1c,9388,2021-04-09,12,12.9
1950,Data scientist,446,2021-04-09,11,12.1
1951,Scala,164,2021-04-09,7,1.3
1952,iOS,1176,2021-04-09,6,3.2
1953,Frontend,3394,2021-04-09,6,8.5
1954,DevOps,1935,2021-04-09,7,1.7
1955,ABAP,171,2021-04-09,15,4.8
1956,Android,1311,2021-04-09,6,4.2
1957,Python,1660,2021-04-10,7,7.8
1958,C%23,1451,2021-04-10,8,7.4
1959,cpp,1329,2021-04-10,7,8.1
1960,Java,3463,2021-04-10,8,5.7
1961,Javascript,1733,2021-04-10,9,4.4
1962,php,2506,2021-04-10,9,4.8
1963,Ruby,348,2021-04-10,4,2.7
1965,1c,9357,2021-04-10,12,13
1966,Data scientist,447,2021-04-10,13,12
1967,Scala,162,2021-04-10,7,1.3
1968,iOS,1171,2021-04-10,6,3.2
1969,Frontend,3394,2021-04-10,6,8.5
1970,DevOps,1950,2021-04-10,7,1.6
1971,ABAP,170,2021-04-10,15,4.8
1972,Android,1287,2021-04-10,7,4.3
1973,Python,1634,2021-04-11,7,7.9
1974,C%23,1418,2021-04-11,7,7.6
1975,cpp,1307,2021-04-11,7,8.3
1976,Java,3407,2021-04-11,8,5.8
1977,Javascript,1694,2021-04-11,8,4.5
1978,php,2449,2021-04-11,9,4.9
1979,Ruby,342,2021-04-11,4,2.8
1981,1c,9182,2021-04-11,12,13.2
1982,Data scientist,434,2021-04-11,12,12.4
1983,Scala,162,2021-04-11,7,1.3
1984,iOS,1144,2021-04-11,6,3.3
1985,Frontend,3354,2021-04-11,6,8.6
1986,DevOps,1917,2021-04-11,6,1.7
1987,ABAP,169,2021-04-11,15,4.9
1988,Android,1266,2021-04-11,7,4.4
1989,Python,1612,2021-04-12,7,8
1990,C%23,1401,2021-04-12,7,7.7
1991,cpp,1294,2021-04-12,7,8.3
1992,Java,3335,2021-04-12,8,6
1993,Javascript,1659,2021-04-12,8,4.6
1994,php,2407,2021-04-12,9,5
1995,Ruby,338,2021-04-12,4,2.8
1997,1c,9009,2021-04-12,12,13.5
1998,Data scientist,424,2021-04-12,13,12.7
1999,Scala,163,2021-04-12,7,1.3
2000,iOS,1133,2021-04-12,6,3.3
2001,Frontend,3309,2021-04-12,6,8.7
2002,DevOps,1885,2021-04-12,7,1.7
2003,ABAP,168,2021-04-12,15,4.9
2004,Android,1246,2021-04-12,7,4.4
2005,Python,1653,2021-04-13,7,7.8
2006,C%23,1436,2021-04-13,7,7.5
1900,Golang,394,2021-04-06,7,1.7
1916,Golang,399,2021-04-07,6,1.7
1932,Golang,402,2021-04-08,6,1.7
1948,Golang,395,2021-04-09,6,1.7
1964,Golang,396,2021-04-10,6,1.7
1980,Golang,387,2021-04-11,6,1.7
1996,Golang,388,2021-04-12,6,1.7
2007,cpp,1314,2021-04-13,7,8.2
2008,Java,3380,2021-04-13,8,5.9
2009,Javascript,1725,2021-04-13,8,4.4
2010,php,2465,2021-04-13,9,4.9
2011,Ruby,343,2021-04-13,5,2.8
2013,1c,9263,2021-04-13,12,13.1
2014,Data scientist,434,2021-04-13,13,12.4
2015,Scala,165,2021-04-13,7,1.2
2016,iOS,1165,2021-04-13,6,3.2
2017,Frontend,3384,2021-04-13,6,8.5
2018,DevOps,1955,2021-04-13,6,1.6
2019,ABAP,170,2021-04-13,14,4.8
2020,Android,1270,2021-04-13,7,4.4
2037,Python,1691,2021-04-14,7,7.7
2038,C%23,1438,2021-04-14,7,7.5
2039,cpp,1329,2021-04-14,7,8.1
2040,Java,3436,2021-04-14,8,5.8
2041,Javascript,1767,2021-04-14,8,4.3
2042,php,2516,2021-04-14,9,4.8
2043,Ruby,352,2021-04-14,4,2.7
2045,1c,9443,2021-04-14,12,12.9
2046,Data scientist,447,2021-04-14,13,12.1
2047,Scala,171,2021-04-14,7,1.2
2048,iOS,1179,2021-04-14,6,3.2
2049,Frontend,3448,2021-04-14,6,8.4
2050,DevOps,1989,2021-04-14,7,1.6
2051,ABAP,174,2021-04-14,14,4.7
2052,Android,1299,2021-04-14,7,4.3
2053,Python,1677,2021-04-15,7,7.8
2054,C%23,1433,2021-04-15,8,7.5
2055,cpp,1322,2021-04-15,7,8.2
2056,Java,3426,2021-04-15,8,5.8
2057,Javascript,1765,2021-04-15,8,4.3
2058,php,2534,2021-04-15,9,4.8
2059,Ruby,338,2021-04-15,5,2.8
2061,1c,9496,2021-04-15,12,12.8
2062,Data scientist,448,2021-04-15,13,12
2063,Scala,171,2021-04-15,7,1.2
2064,iOS,1181,2021-04-15,6,3.2
2065,Frontend,3405,2021-04-15,6,8.5
2066,DevOps,1986,2021-04-15,6,1.6
2067,ABAP,171,2021-04-15,15,4.8
2068,Android,1297,2021-04-15,7,4.3
2069,Python,1678,2021-04-16,7,7.8
2070,C%23,1472,2021-04-16,7,7.3
2071,cpp,1310,2021-04-16,7,8.3
2072,Java,3429,2021-04-16,8,5.8
2073,Javascript,1748,2021-04-16,8,4.4
2074,php,2536,2021-04-16,9,4.8
2075,Ruby,350,2021-04-16,4,2.7
2077,1c,9529,2021-04-16,12,12.8
2078,Data scientist,455,2021-04-16,13,11.8
2079,Scala,170,2021-04-16,8,1.2
2080,iOS,1192,2021-04-16,6,3.1
2081,Frontend,3427,2021-04-16,6,8.4
2082,DevOps,2009,2021-04-16,6,1.6
2083,ABAP,175,2021-04-16,17,4.7
2084,Android,1292,2021-04-16,7,4.3
2085,Python,1678,2021-04-17,7,7.8
2086,C%23,1457,2021-04-17,7,7.4
2087,cpp,1320,2021-04-17,7,8.2
2088,Java,3427,2021-04-17,7,5.8
2089,Javascript,1753,2021-04-17,7,4.4
2090,php,2537,2021-04-17,9,4.8
2091,Ruby,339,2021-04-17,4,2.8
2093,1c,9455,2021-04-17,12,12.9
2094,Data scientist,451,2021-04-17,14,12
2095,Scala,170,2021-04-17,8,1.2
2096,iOS,1197,2021-04-17,6,3.1
2097,Frontend,3473,2021-04-17,6,8.3
2098,DevOps,2004,2021-04-17,6,1.6
2099,ABAP,179,2021-04-17,18,4.6
2100,Android,1302,2021-04-17,7,4.2
2101,Python,1657,2021-04-18,7,7.9
2102,C%23,1440,2021-04-18,7,7.5
2103,cpp,1301,2021-04-18,7,8.3
2104,Java,3357,2021-04-18,7,5.9
2105,Javascript,1722,2021-04-18,7,4.4
2106,php,2476,2021-04-18,9,4.9
2107,Ruby,330,2021-04-18,4,2.9
2109,1c,9247,2021-04-18,12,13.1
2110,Data scientist,439,2021-04-18,13,12.3
2111,Scala,169,2021-04-18,8,1.2
2112,iOS,1176,2021-04-18,6,3.2
2113,Frontend,3405,2021-04-18,6,8.5
2114,DevOps,1966,2021-04-18,5,1.6
2115,ABAP,178,2021-04-18,18,4.6
2116,Android,1290,2021-04-18,7,4.3
2117,Python,1615,2021-04-19,7,8.1
2118,C%23,1425,2021-04-19,7,7.6
2119,cpp,1295,2021-04-19,7,8.4
2120,Java,3323,2021-04-19,7,6
2121,Javascript,1709,2021-04-19,7,4.5
2122,php,2439,2021-04-19,9,5
2123,Ruby,322,2021-04-19,4,3
2125,1c,9098,2021-04-19,12,13.3
2126,Data scientist,431,2021-04-19,13,12.5
2127,Scala,161,2021-04-19,7,1.2
2128,iOS,1155,2021-04-19,6,3.2
2129,Frontend,3367,2021-04-19,6,8.6
2130,DevOps,1919,2021-04-19,5,1.7
2131,ABAP,175,2021-04-19,18,4.7
2132,Android,1276,2021-04-19,7,4.3
2133,Python,1659,2021-04-20,7,7.9
2134,C%23,1464,2021-04-20,7,7.4
2135,cpp,1343,2021-04-20,7,8.1
2136,Java,3419,2021-04-20,7,5.8
2137,Javascript,1732,2021-04-20,7,4.4
2138,php,2522,2021-04-20,9,4.8
2139,Ruby,333,2021-04-20,4,2.9
2141,1c,9379,2021-04-20,12,13
2142,Data scientist,440,2021-04-20,13,12.3
2143,Scala,163,2021-04-20,7,1.2
2144,iOS,1192,2021-04-20,6,3.1
2145,Frontend,3472,2021-04-20,6,8.3
2146,DevOps,1984,2021-04-20,6,1.6
2147,ABAP,181,2021-04-20,17,4.6
2148,Android,1335,2021-04-20,6,4.1
2149,Python,1694,2021-04-21,7,7.7
2150,C%23,1491,2021-04-21,7,7.3
2151,cpp,1354,2021-04-21,7,8
2152,Java,3480,2021-04-21,8,5.7
2153,Javascript,1750,2021-04-21,7,4.4
2154,php,2569,2021-04-21,9,4.7
2155,Ruby,337,2021-04-21,3,2.8
2157,1c,9605,2021-04-21,12,12.6
2158,Data scientist,445,2021-04-21,12,12.2
2159,Scala,164,2021-04-21,7,1.2
2160,iOS,1233,2021-04-21,6,3
2161,Frontend,3490,2021-04-21,6,8.3
2162,DevOps,2043,2021-04-21,6,1.6
2163,ABAP,182,2021-04-21,17,4.5
2164,Android,1363,2021-04-21,6,4.1
2181,Python,1704,2021-04-22,7,7.7
2182,C%23,1497,2021-04-22,8,7.2
2183,cpp,1363,2021-04-22,7,8
2184,Java,3479,2021-04-22,8,5.7
2185,Javascript,1705,2021-04-22,7,4.5
2186,php,2552,2021-04-22,9,4.8
2187,Ruby,342,2021-04-22,3,2.8
2189,1c,9572,2021-04-22,13,12.7
2190,Data scientist,437,2021-04-22,11,12.4
2191,Scala,164,2021-04-22,7,1.2
2192,iOS,1221,2021-04-22,6,3.1
2193,Frontend,3464,2021-04-22,6,8.4
2194,DevOps,2009,2021-04-22,6,1.6
2195,ABAP,190,2021-04-22,17,4.3
2196,Android,1347,2021-04-22,7,4.1
2197,Python,1726,2021-04-23,7,7.6
2198,C%23,1510,2021-04-23,8,7.2
2199,cpp,1378,2021-04-23,7,7.9
2200,Java,3502,2021-04-23,8,5.7
2201,Javascript,1732,2021-04-23,8,4.4
2202,php,2584,2021-04-23,9,4.7
2203,Ruby,332,2021-04-23,3,2.9
2205,1c,9580,2021-04-23,13,12.7
2206,Data scientist,432,2021-04-23,11,12.5
2207,Scala,166,2021-04-23,10,1.2
2208,iOS,1217,2021-04-23,6,3.1
2209,Frontend,3473,2021-04-23,6,8.4
2210,DevOps,2018,2021-04-23,6,1.6
2211,ABAP,189,2021-04-23,17,4.4
2212,Android,1342,2021-04-23,6,4.1
2213,Python,1732,2021-04-24,7,7.6
2214,C%23,1509,2021-04-24,8,7.2
2215,cpp,1368,2021-04-24,7,7.9
2216,Java,3503,2021-04-24,8,5.7
2217,Javascript,1718,2021-04-24,8,4.5
2218,php,2601,2021-04-24,9,4.7
2219,Ruby,339,2021-04-24,3,2.8
2221,1c,9560,2021-04-24,13,12.7
2222,Data scientist,440,2021-04-24,9,12.3
2223,Scala,165,2021-04-24,9,1.2
2224,iOS,1229,2021-04-24,6,3
2225,Frontend,3436,2021-04-24,6,8.4
2226,DevOps,1992,2021-04-24,6,1.6
2227,ABAP,194,2021-04-24,18,4.3
2228,Android,1356,2021-04-24,7,4.1
2245,Python,1712,2021-04-25,7,7.7
2246,C%23,1490,2021-04-25,8,7.3
2247,cpp,1356,2021-04-25,7,8
2248,Java,3454,2021-04-25,8,5.8
2249,Javascript,1684,2021-04-25,7,4.5
2250,php,2544,2021-04-25,9,4.8
2251,Ruby,335,2021-04-25,3,2.8
2253,1c,9412,2021-04-25,13,12.9
2254,Data scientist,433,2021-04-25,9,12.5
2255,Scala,159,2021-04-25,9,1.3
2256,iOS,1230,2021-04-25,6,3
2257,Frontend,3379,2021-04-25,6,8.6
2258,DevOps,1972,2021-04-25,6,1.6
2259,ABAP,191,2021-04-25,17,4.3
2260,Android,1360,2021-04-25,6,4.1
2261,Python,1692,2021-04-26,7,7.8
2262,C%23,1466,2021-04-26,8,7.4
2263,cpp,1327,2021-04-26,7,8.2
2264,Java,3391,2021-04-26,7,5.9
2265,Javascript,1674,2021-04-26,7,4.6
2266,php,2510,2021-04-26,9,4.8
2267,Ruby,335,2021-04-26,3,2.9
2269,1c,9264,2021-04-26,13,13.1
2270,Data scientist,428,2021-04-26,9,12.7
2271,Scala,156,2021-04-26,10,1.3
2272,iOS,1220,2021-04-26,6,3.1
2273,Frontend,3317,2021-04-26,5,8.8
2274,DevOps,1937,2021-04-26,6,1.7
2275,ABAP,191,2021-04-26,17,4.3
2276,Android,1338,2021-04-26,6,4.1
2277,Python,1716,2021-04-27,7,7.7
2278,C%23,1489,2021-04-27,8,7.3
2279,cpp,1355,2021-04-27,6,8
2280,Java,3469,2021-04-27,8,5.7
2281,Javascript,1747,2021-04-27,7,4.4
2282,php,2615,2021-04-27,9,4.6
2283,Ruby,346,2021-04-27,3,2.8
2285,1c,9449,2021-04-27,13,12.9
2286,Data scientist,442,2021-04-27,10,12.3
2287,Scala,163,2021-04-27,9,1.2
2288,iOS,1252,2021-04-27,6,3
2289,Frontend,3411,2021-04-27,6,8.5
2290,DevOps,2001,2021-04-27,6,1.6
2291,ABAP,198,2021-04-27,17,4.2
2292,Android,1369,2021-04-27,6,4
2293,Python,1777,2021-04-28,7,7.4
2294,C%23,1542,2021-04-28,8,7.1
2295,cpp,1370,2021-04-28,7,7.9
2296,Java,3517,2021-04-28,8,5.7
2297,Javascript,1774,2021-04-28,8,4.3
2298,php,2655,2021-04-28,9,4.6
2299,Ruby,349,2021-04-28,3,2.7
2301,1c,9629,2021-04-28,13,12.6
2302,Data scientist,458,2021-04-28,10,11.9
2303,Scala,164,2021-04-28,9,1.2
2304,iOS,1270,2021-04-28,6,2.9
2305,Frontend,3480,2021-04-28,6,8.4
2306,DevOps,2038,2021-04-28,6,1.6
2307,ABAP,199,2021-04-28,18,4.1
2308,Android,1388,2021-04-28,6,4
2309,Python,1785,2021-04-29,7,7.4
2310,C%23,1525,2021-04-29,8,7.1
2311,cpp,1354,2021-04-29,7,8
2312,Java,3524,2021-04-29,8,5.7
2313,Javascript,1765,2021-04-29,8,4.4
2314,php,2636,2021-04-29,9,4.6
2315,Ruby,342,2021-04-29,3,2.8
2317,1c,9512,2021-04-29,13,12.8
2318,Data scientist,456,2021-04-29,9,11.9
2319,Scala,163,2021-04-29,9,1.2
2320,iOS,1277,2021-04-29,6,2.9
2321,Frontend,3454,2021-04-29,6,8.4
2322,DevOps,2033,2021-04-29,6,1.6
2323,ABAP,198,2021-04-29,17,4.2
2324,Android,1379,2021-04-29,6,4
2325,Python,1823,2021-04-30,7,7.2
2326,C%23,1548,2021-04-30,8,7
2327,cpp,1344,2021-04-30,7,8.1
2328,Java,3524,2021-04-30,8,5.7
2329,Javascript,1766,2021-04-30,8,4.4
2330,php,2635,2021-04-30,9,4.6
2331,Ruby,344,2021-04-30,3,2.8
2333,1c,9471,2021-04-30,13,12.8
2334,Data scientist,452,2021-04-30,9,12
2335,Scala,158,2021-04-30,8,1.3
2336,iOS,1251,2021-04-30,6,3
2337,Frontend,3412,2021-04-30,6,8.5
2338,DevOps,2016,2021-04-30,6,1.6
2339,ABAP,198,2021-04-30,18,4.2
2340,Android,1351,2021-04-30,6,4.1
2341,Python,1828,2021-05-01,7,7.2
2342,C%23,1550,2021-05-01,8,7
2343,cpp,1339,2021-05-01,7,8.1
2344,Java,3520,2021-05-01,8,5.7
2345,Javascript,1763,2021-05-01,8,4.4
2346,php,2626,2021-05-01,9,4.6
2347,Ruby,342,2021-05-01,3,2.8
2349,1c,9419,2021-05-01,13,12.9
2350,Data scientist,447,2021-05-01,10,12.2
2351,Scala,161,2021-05-01,9,1.2
2352,iOS,1280,2021-05-01,6,2.9
2353,Frontend,3396,2021-05-01,6,8.6
2354,DevOps,2024,2021-05-01,6,1.6
2355,ABAP,197,2021-05-01,17,4.2
2356,Android,1355,2021-05-01,6,4.1
2357,Python,1792,2021-05-02,7,7.4
2358,C%23,1513,2021-05-02,8,7.2
2359,cpp,1307,2021-05-02,7,8.3
2360,Java,3455,2021-05-02,8,5.8
2361,Javascript,1730,2021-05-02,8,4.5
2362,php,2570,2021-05-02,8,4.7
2363,Ruby,336,2021-05-02,3,2.8
2365,1c,9250,2021-05-02,13,13.1
2366,Data scientist,438,2021-05-02,10,12.4
2367,Scala,161,2021-05-02,8,1.2
2368,iOS,1262,2021-05-02,6,3
2369,Frontend,3349,2021-05-02,6,8.7
2370,DevOps,1993,2021-05-02,6,1.6
2371,ABAP,195,2021-05-02,17,4.2
2372,Android,1340,2021-05-02,6,4.1
2373,Python,1756,2021-05-03,7,7.5
2374,C%23,1481,2021-05-03,8,7.4
2375,cpp,1286,2021-05-03,7,8.4
2376,Java,3393,2021-05-03,8,5.9
2377,Javascript,1708,2021-05-03,8,4.5
2378,php,2539,2021-05-03,8,4.8
2379,Ruby,331,2021-05-03,3,2.9
2381,1c,9095,2021-05-03,13,13.4
2382,Data scientist,429,2021-05-03,10,12.7
2383,Scala,157,2021-05-03,7,1.3
2384,iOS,1243,2021-05-03,6,3
2385,Frontend,3294,2021-05-03,6,8.8
2386,DevOps,1952,2021-05-03,6,1.7
2387,ABAP,191,2021-05-03,18,4.3
2388,Android,1312,2021-05-03,6,4.2
2389,Python,1755,2021-05-04,7,7.5
2390,C%23,1480,2021-05-04,8,7.4
2391,cpp,1294,2021-05-04,6,8.4
2392,Java,3395,2021-05-04,8,5.9
2393,Javascript,1709,2021-05-04,8,4.5
2394,php,2543,2021-05-04,8,4.8
2395,Ruby,328,2021-05-04,3,2.9
2397,1c,9118,2021-05-04,13,13.3
2398,Data scientist,429,2021-05-04,10,12.7
2399,Scala,159,2021-05-04,9,1.3
2400,iOS,1251,2021-05-04,6,3
2401,Frontend,3308,2021-05-04,6,8.8
2402,DevOps,1950,2021-05-04,5,1.7
2403,ABAP,191,2021-05-04,18,4.3
2404,Android,1324,2021-05-04,6,4.2
2405,Python,1778,2021-05-05,7,7.5
2406,C%23,1498,2021-05-05,8,7.3
2407,cpp,1318,2021-05-05,6,8.2
2408,Java,3449,2021-05-05,8,5.8
2409,Javascript,1742,2021-05-05,8,4.4
2410,php,2560,2021-05-05,9,4.7
2411,Ruby,318,2021-05-05,3,3
2413,1c,9274,2021-05-05,13,13.1
2414,Data scientist,435,2021-05-05,10,12.5
2415,Scala,163,2021-05-05,9,1.3
2416,iOS,1262,2021-05-05,6,3
2417,Frontend,3372,2021-05-05,6,8.7
2418,DevOps,1954,2021-05-05,6,1.7
2419,ABAP,193,2021-05-05,18,4.3
2420,Android,1338,2021-05-05,6,4.1
2421,Python,1781,2021-05-06,7,7.5
2422,C%23,1523,2021-05-06,8,7.2
2423,cpp,1321,2021-05-06,7,8.2
2424,Java,3469,2021-05-06,8,5.8
2425,Javascript,1761,2021-05-06,8,4.4
2426,php,2582,2021-05-06,8,4.7
2427,Ruby,314,2021-05-06,4,3
2429,1c,9399,2021-05-06,13,12.9
2430,Data scientist,440,2021-05-06,9,12.4
2431,Scala,165,2021-05-06,9,1.2
2432,iOS,1270,2021-05-06,6,3
2433,Frontend,3414,2021-05-06,6,8.6
2434,DevOps,1936,2021-05-06,6,1.7
2435,ABAP,193,2021-05-06,18,4.3
2436,Android,1340,2021-05-06,6,4.1
2437,Python,1804,2021-05-07,7,7.4
2438,C%23,1533,2021-05-07,8,7.1
2439,cpp,1337,2021-05-07,7,8.1
2440,Java,3489,2021-05-07,8,5.7
2441,Javascript,1774,2021-05-07,8,4.4
2442,php,2634,2021-05-07,8,4.6
2443,Ruby,312,2021-05-07,4,3.1
2445,1c,9493,2021-05-07,13,12.8
2446,Data scientist,443,2021-05-07,9,12.3
2447,Scala,164,2021-05-07,9,1.2
2448,iOS,1287,2021-05-07,6,2.9
2449,Frontend,3456,2021-05-07,6,8.5
2450,DevOps,2001,2021-05-07,6,1.6
2451,ABAP,192,2021-05-07,17,4.3
2452,Android,1345,2021-05-07,6,4.1
2453,Python,1809,2021-05-08,7,7.4
2454,C%23,1541,2021-05-08,9,7.1
2455,cpp,1361,2021-05-08,7,8
2456,Java,3543,2021-05-08,8,5.6
2457,Javascript,1800,2021-05-08,8,4.3
2458,php,2680,2021-05-08,8,4.5
2459,Ruby,318,2021-05-08,4,3
2461,1c,9578,2021-05-08,13,12.7
2462,Data scientist,449,2021-05-08,9,12.2
2463,Scala,167,2021-05-08,8,1.2
2464,iOS,1301,2021-05-08,5,2.9
2465,Frontend,3512,2021-05-08,6,8.3
2466,DevOps,2033,2021-05-08,6,1.6
2467,ABAP,194,2021-05-08,17,4.3
2468,Android,1352,2021-05-08,6,4.1
2469,Python,1805,2021-05-09,7,7.4
2470,C%23,1542,2021-05-09,8,7.1
2471,cpp,1363,2021-05-09,7,8
2472,Java,3546,2021-05-09,8,5.6
2473,Javascript,1806,2021-05-09,8,4.3
2474,php,2677,2021-05-09,8,4.5
2475,Ruby,316,2021-05-09,4,3
2477,1c,9566,2021-05-09,13,12.7
2478,Data scientist,447,2021-05-09,9,12.2
2479,Scala,167,2021-05-09,8,1.2
2480,iOS,1300,2021-05-09,5,2.9
2481,Frontend,3512,2021-05-09,6,8.3
2482,DevOps,2031,2021-05-09,6,1.6
2483,ABAP,194,2021-05-09,17,4.3
2484,Android,1348,2021-05-09,6,4.1
2485,Python,1796,2021-05-10,7,7.4
2486,C%23,1539,2021-05-10,8,7.1
2487,cpp,1362,2021-05-10,6,8
2488,Java,3534,2021-05-10,8,5.7
2489,Javascript,1802,2021-05-10,8,4.3
2490,php,2670,2021-05-10,8,4.5
2491,Ruby,315,2021-05-10,4,3
2493,1c,9559,2021-05-10,13,12.7
2494,Data scientist,440,2021-05-10,9,12.4
2495,Scala,167,2021-05-10,8,1.2
2496,iOS,1297,2021-05-10,5,2.9
2497,Frontend,3502,2021-05-10,6,8.4
2498,DevOps,2024,2021-05-10,6,1.6
2499,ABAP,194,2021-05-10,17,4.3
2500,Android,1351,2021-05-10,6,4.1
2501,Python,1800,2021-05-11,7,7.4
2502,C%23,1543,2021-05-11,8,7.1
2503,cpp,1365,2021-05-11,7,8
2504,Java,3559,2021-05-11,8,5.6
2505,Javascript,1807,2021-05-11,8,4.3
2506,php,2677,2021-05-11,8,4.5
2507,Ruby,327,2021-05-11,4,2.9
2509,1c,9585,2021-05-11,13,12.7
2510,Data scientist,444,2021-05-11,9,12.4
2511,Scala,167,2021-05-11,8,1.2
2512,iOS,1301,2021-05-11,5,2.9
2513,Frontend,3509,2021-05-11,6,8.3
2514,DevOps,2026,2021-05-11,6,1.6
2515,ABAP,194,2021-05-11,17,4.2
2516,Android,1358,2021-05-11,6,4.1
2517,Python,1816,2021-05-12,7,7.4
2518,C%23,1567,2021-05-12,8,7
2519,cpp,1385,2021-05-12,7,7.8
2520,Java,3602,2021-05-12,8,5.6
2521,Javascript,1836,2021-05-12,8,4.2
2522,php,2717,2021-05-12,8,4.5
2523,Ruby,334,2021-05-12,4,2.9
2525,1c,9721,2021-05-12,14,12.5
2526,Data scientist,448,2021-05-12,9,12.3
2527,Scala,172,2021-05-12,9,1.2
2528,iOS,1311,2021-05-12,5,2.9
2529,Frontend,3553,2021-05-12,6,8.3
2530,DevOps,2057,2021-05-12,7,1.6
2531,ABAP,200,2021-05-12,18,4.1
2532,Android,1384,2021-05-12,6,4
2533,Python,1807,2021-05-13,7,7.4
2534,C%23,1550,2021-05-13,8,7.1
2535,cpp,1385,2021-05-13,7,7.8
2536,Java,3589,2021-05-13,8,5.6
2537,Javascript,1817,2021-05-13,7,4.3
2538,php,2723,2021-05-13,8,4.4
2539,Ruby,334,2021-05-13,4,2.9
2541,1c,9684,2021-05-13,14,12.6
2542,Data scientist,443,2021-05-13,10,12.4
2543,Scala,175,2021-05-13,10,1.2
2544,iOS,1303,2021-05-13,5,2.9
2545,Frontend,3542,2021-05-13,6,8.3
2546,DevOps,2044,2021-05-13,6,1.6
2547,ABAP,197,2021-05-13,18,4.2
2548,Android,1378,2021-05-13,6,4
2549,Python,1806,2021-05-14,7,7.4
2550,C%23,1575,2021-05-14,8,7
2551,cpp,1404,2021-05-14,7,7.7
2552,Java,3600,2021-05-14,8,5.6
2553,Javascript,1819,2021-05-14,8,4.3
2554,php,2752,2021-05-14,9,4.4
2555,Ruby,336,2021-05-14,4,2.8
2557,1c,9681,2021-05-14,14,12.6
2558,Data scientist,442,2021-05-14,10,12.5
2559,Scala,168,2021-05-14,10,1.2
2560,iOS,1296,2021-05-14,5,2.9
2561,Frontend,3529,2021-05-14,6,8.3
2562,DevOps,2076,2021-05-14,7,1.6
2563,ABAP,196,2021-05-14,18,4.2
2564,Android,1358,2021-05-14,6,4.1
2565,Python,1813,2021-05-15,7,7.4
2566,C%23,1548,2021-05-15,8,7.1
2567,cpp,1399,2021-05-15,7,7.8
2568,Java,3572,2021-05-15,9,5.6
2569,Javascript,1820,2021-05-15,8,4.3
2570,php,2723,2021-05-15,9,4.5
2571,Ruby,345,2021-05-15,5,2.8
2573,1c,9687,2021-05-15,14,12.6
2574,Data scientist,437,2021-05-15,10,12.7
2575,Scala,167,2021-05-15,11,1.2
2576,iOS,1285,2021-05-15,5,2.9
2577,Frontend,3533,2021-05-15,6,8.3
2578,DevOps,2056,2021-05-15,7,1.6
2579,ABAP,195,2021-05-15,18,4.2
2580,Android,1346,2021-05-15,6,4.1
2581,Python,1771,2021-05-16,7,7.6
2582,C%23,1520,2021-05-16,8,7.2
2583,cpp,1362,2021-05-16,7,8
2584,Java,3531,2021-05-16,9,5.7
2585,Javascript,1782,2021-05-16,8,4.4
2586,php,2682,2021-05-16,9,4.5
2587,Ruby,338,2021-05-16,5,2.8
2589,1c,9502,2021-05-16,14,12.8
2590,Data scientist,434,2021-05-16,10,12.8
2591,Scala,166,2021-05-16,11,1.2
2592,iOS,1263,2021-05-16,5,3
2593,Frontend,3447,2021-05-16,6,8.5
2594,DevOps,2020,2021-05-16,6,1.6
2595,ABAP,183,2021-05-16,19,4.5
2596,Android,1322,2021-05-16,6,4.2
2597,Python,1754,2021-05-17,7,7.6
2598,C%23,1499,2021-05-17,8,7.3
2599,cpp,1332,2021-05-17,7,8.2
2600,Java,3474,2021-05-17,8,5.8
2601,Javascript,1750,2021-05-17,8,4.4
2602,php,2631,2021-05-17,8,4.6
2603,Ruby,331,2021-05-17,4,2.9
2605,1c,9366,2021-05-17,14,13
2606,Data scientist,423,2021-05-17,11,13.1
2607,Scala,165,2021-05-17,12,1.2
2608,iOS,1239,2021-05-17,5,3.1
2609,Frontend,3366,2021-05-17,6,8.7
2610,DevOps,1995,2021-05-17,6,1.7
2611,ABAP,181,2021-05-17,19,4.6
2612,Android,1305,2021-05-17,6,4.3
2613,Python,1780,2021-05-18,7,7.6
2614,C%23,1561,2021-05-18,8,7
2615,cpp,1354,2021-05-18,7,8
2616,Java,3543,2021-05-18,8,5.7
2617,Javascript,1834,2021-05-18,8,4.2
2618,php,2690,2021-05-18,9,4.5
2619,Ruby,341,2021-05-18,4,2.8
2621,1c,9637,2021-05-18,14,12.6
2622,Data scientist,432,2021-05-18,11,12.9
2623,Scala,169,2021-05-18,12,1.2
2624,iOS,1266,2021-05-18,5,3
2625,Frontend,3499,2021-05-18,6,8.4
2626,DevOps,2045,2021-05-18,6,1.6
2627,ABAP,182,2021-05-18,19,4.5
2628,Android,1344,2021-05-18,6,4.1
2629,Python,1809,2021-05-19,6,7.4
2630,C%23,1594,2021-05-19,8,6.9
2631,cpp,1365,2021-05-19,7,8
2632,Java,3627,2021-05-19,9,5.6
2633,Javascript,1869,2021-05-19,8,4.2
2634,php,2760,2021-05-19,9,4.4
2635,Ruby,348,2021-05-19,4,2.8
2637,1c,9803,2021-05-19,14,12.4
2638,Data scientist,434,2021-05-19,10,12.8
2639,Scala,170,2021-05-19,12,1.2
2640,iOS,1276,2021-05-19,5,3
2641,Frontend,3544,2021-05-19,6,8.3
2642,DevOps,2077,2021-05-19,6,1.6
2643,ABAP,185,2021-05-19,19,4.4
2644,Android,1372,2021-05-19,6,4.1
2645,Python,1791,2021-05-20,6,7.5
2646,C%23,1594,2021-05-20,8,6.9
2647,cpp,1361,2021-05-20,7,8
2648,Java,3620,2021-05-20,8,5.6
2649,Javascript,1855,2021-05-20,8,4.2
2650,php,2738,2021-05-20,9,4.4
2651,Ruby,353,2021-05-20,4,2.7
2653,1c,9814,2021-05-20,14,12.4
2654,Data scientist,425,2021-05-20,11,13.1
2655,Scala,170,2021-05-20,13,1.2
2656,iOS,1281,2021-05-20,5,3
2657,Frontend,3524,2021-05-20,6,8.4
2658,DevOps,2032,2021-05-20,6,1.6
2659,ABAP,186,2021-05-20,19,4.4
2660,Android,1387,2021-05-20,6,4
2661,Python,1770,2021-05-21,6,7.6
2662,C%23,1610,2021-05-21,9,6.8
2663,cpp,1365,2021-05-21,7,8
2664,Java,3604,2021-05-21,8,5.6
2665,Javascript,1851,2021-05-21,8,4.2
2666,php,2734,2021-05-21,9,4.4
2667,Ruby,347,2021-05-21,4,2.8
2669,1c,9777,2021-05-21,14,12.5
2670,Data scientist,429,2021-05-21,11,13
2671,Scala,167,2021-05-21,13,1.2
2672,iOS,1276,2021-05-21,5,3
2673,Frontend,3519,2021-05-21,6,8.4
2674,DevOps,2021,2021-05-21,6,1.6
2675,ABAP,188,2021-05-21,20,4.4
2676,Android,1398,2021-05-21,6,4
2677,Python,1789,2021-05-22,7,7.5
2678,C%23,1599,2021-05-22,8,6.9
2679,cpp,1365,2021-05-22,7,8
2680,Java,3608,2021-05-22,8,5.6
2681,Javascript,1876,2021-05-22,8,4.2
2682,php,2730,2021-05-22,9,4.4
2683,Ruby,353,2021-05-22,5,2.7
2685,1c,9689,2021-05-22,14,12.6
2686,Data scientist,429,2021-05-22,11,13
2687,Scala,168,2021-05-22,13,1.2
2688,iOS,1281,2021-05-22,5,3
2689,Frontend,3532,2021-05-22,6,8.4
2690,DevOps,2009,2021-05-22,6,1.7
2691,ABAP,184,2021-05-22,21,4.5
2692,Android,1402,2021-05-22,6,4
2693,Python,1761,2021-05-23,6,7.7
2694,C%23,1530,2021-05-23,9,7.2
2695,cpp,1349,2021-05-23,7,8.1
2696,Java,3545,2021-05-23,8,5.7
2697,Javascript,1844,2021-05-23,8,4.2
2698,php,2680,2021-05-23,9,4.5
2699,Ruby,341,2021-05-23,5,2.8
2701,1c,9517,2021-05-23,14,12.8
2702,Data scientist,409,2021-05-23,12,13.6
2703,Scala,165,2021-05-23,13,1.2
2704,iOS,1262,2021-05-23,5,3
2705,Frontend,3458,2021-05-23,6,8.6
2706,DevOps,1973,2021-05-23,6,1.7
2707,ABAP,182,2021-05-23,20,4.5
2708,Android,1384,2021-05-23,5,4
2709,Python,1734,2021-05-24,6,7.8
2710,C%23,1512,2021-05-24,8,7.3
2711,cpp,1329,2021-05-24,7,8.2
2712,Java,3493,2021-05-24,9,5.8
2713,Javascript,1814,2021-05-24,8,4.3
2714,php,2663,2021-05-24,9,4.5
2715,Ruby,336,2021-05-24,5,2.9
2717,1c,9351,2021-05-24,14,13
2718,Data scientist,399,2021-05-24,12,14
2719,Scala,165,2021-05-24,13,1.2
2720,iOS,1231,2021-05-24,5,3.1
2721,Frontend,3389,2021-05-24,6,8.7
2722,DevOps,1943,2021-05-24,6,1.7
2723,ABAP,174,2021-05-24,20,4.7
2724,Android,1349,2021-05-24,5,4.1
2725,Python,1751,2021-05-25,7,7.7
2726,C%23,1547,2021-05-25,8,7.1
2727,cpp,1339,2021-05-25,6,8.1
2728,Java,3585,2021-05-25,9,5.6
2729,Javascript,1862,2021-05-25,8,4.2
2730,php,2723,2021-05-25,9,4.5
2731,Ruby,346,2021-05-25,4,2.8
2733,1c,9587,2021-05-25,14,12.7
2734,Data scientist,408,2021-05-25,12,13.7
2735,Scala,164,2021-05-25,13,1.2
2736,iOS,1264,2021-05-25,5,3
2737,Frontend,3508,2021-05-25,6,8.5
2738,DevOps,1964,2021-05-25,6,1.7
2739,ABAP,176,2021-05-25,18,4.7
2740,Android,1388,2021-05-25,6,4
2741,Python,1801,2021-05-26,6,7.5
2742,C%23,1603,2021-05-26,8,6.9
2743,cpp,1356,2021-05-26,6,8
2744,Java,3659,2021-05-26,9,5.5
2745,Javascript,1913,2021-05-26,8,4.1
2746,php,2762,2021-05-26,10,4.4
2747,Ruby,362,2021-05-26,5,2.7
2749,1c,9737,2021-05-26,14,12.5
2750,Data scientist,415,2021-05-26,12,13.5
2751,Scala,170,2021-05-26,13,1.2
2752,iOS,1285,2021-05-26,5,3
2753,Frontend,3603,2021-05-26,7,8.2
2754,DevOps,2028,2021-05-26,7,1.6
2755,ABAP,177,2021-05-26,18,4.7
2756,Android,1409,2021-05-26,6,3.9
186,Golang,187,2020-11-30,5,4
318,Golang,205,2020-12-11,7,3
630,Golang,199,2021-01-02,8,3.3
762,Golang,210,2021-01-13,8,3.1
918,Golang,232,2021-01-24,6,2.9
1050,Golang,268,2021-02-04,8,2.5
1182,Golang,262,2021-02-15,7,2.6
1194,Golang,261,2021-02-16,7,2.6
1326,Golang,289,2021-02-27,9,2.4
1339,Golang,288,2021-02-28,9,2.4
1353,Golang,285,2021-03-01,8,2.4
1367,Golang,293,2021-03-02,9,2.3
1381,Golang,301,2021-03-03,8,2.3
1395,Golang,302,2021-03-04,8,2.3
1409,Golang,300,2021-03-05,8,2.3
1424,Golang,303,2021-03-06,8,2.3
1439,Golang,299,2021-03-07,8,2.3
1454,Golang,296,2021-03-08,8,2.3
1469,Golang,296,2021-03-09,8,2.3
1484,Golang,300,2021-03-10,8,2.3
1499,Golang,307,2021-03-11,8,2.2
1514,Golang,308,2021-03-12,10,2.2
1529,Golang,311,2021-03-13,9,2.2
1544,Golang,309,2021-03-14,9,2.2
1559,Golang,308,2021-03-15,9,2.2
1574,Golang,316,2021-03-16,9,2.2
1589,Golang,324,2021-03-17,9,2.1
1604,Golang,325,2021-03-18,10,2.1
1619,Golang,325,2021-03-19,9,2.1
1634,Golang,323,2021-03-20,9,2.1
1649,Golang,322,2021-03-21,8,2.1
1664,Golang,316,2021-03-22,9,2.1
1679,Golang,320,2021-03-23,8,2.1
1694,Golang,347,2021-03-24,8,1.9
1709,Golang,342,2021-03-25,7,2
1724,Golang,362,2021-03-26,7,1.9
1740,Golang,355,2021-03-27,7,1.9
1756,Golang,350,2021-03-28,7,1.9
1772,Golang,343,2021-03-29,7,2
1788,Golang,368,2021-03-30,7,1.8
1804,Golang,368,2021-03-31,7,1.8
1820,Golang,381,2021-04-01,6,1.8
1836,Golang,402,2021-04-02,6,1.7
1852,Golang,391,2021-04-03,6,1.7
1868,Golang,385,2021-04-04,6,1.7
1884,Golang,382,2021-04-05,6,1.8
2012,Golang,395,2021-04-13,6,1.7
2044,Golang,404,2021-04-14,6,1.7
2060,Golang,395,2021-04-15,6,1.7
2076,Golang,390,2021-04-16,6,1.7
2092,Golang,395,2021-04-17,6,1.7
2108,Golang,394,2021-04-18,6,1.7
2124,Golang,390,2021-04-19,6,1.7
2140,Golang,397,2021-04-20,6,1.7
2156,Golang,406,2021-04-21,7,1.7
2188,Golang,410,2021-04-22,7,1.7
2204,Golang,405,2021-04-23,6,1.7
2220,Golang,410,2021-04-24,7,1.7
2252,Golang,399,2021-04-25,7,1.7
2268,Golang,399,2021-04-26,6,1.7
2284,Golang,413,2021-04-27,6,1.7
2300,Golang,410,2021-04-28,6,1.7
2316,Golang,415,2021-04-29,8,1.7
2332,Golang,405,2021-04-30,8,1.7
2348,Golang,398,2021-05-01,8,1.7
2364,Golang,375,2021-05-02,8,1.8
2380,Golang,372,2021-05-03,8,1.8
2396,Golang,371,2021-05-04,8,1.9
2412,Golang,377,2021-05-05,8,1.8
2428,Golang,378,2021-05-06,8,1.8
2444,Golang,378,2021-05-07,8,1.8
2460,Golang,381,2021-05-08,8,1.8
2476,Golang,381,2021-05-09,8,1.8
2492,Golang,381,2021-05-10,8,1.8
2508,Golang,381,2021-05-11,8,1.8
2524,Golang,396,2021-05-12,8,1.8
2540,Golang,393,2021-05-13,8,1.8
2556,Golang,403,2021-05-14,8,1.7
2572,Golang,400,2021-05-15,8,1.7
2588,Golang,397,2021-05-16,8,1.8
2604,Golang,390,2021-05-17,8,1.8
2620,Golang,417,2021-05-18,13,1.7
2636,Golang,430,2021-05-19,13,1.6
2652,Golang,447,2021-05-20,13,1.6
2668,Golang,448,2021-05-21,15,1.6
2684,Golang,459,2021-05-22,14,1.5
2700,Golang,455,2021-05-23,14,1.5
2716,Golang,452,2021-05-24,13,1.5
2732,Golang,463,2021-05-25,14,1.5
2748,Golang,469,2021-05-26,14,1.5
2757,Python,1783,2021-05-27,6,7.6
2758,C%23,1596,2021-05-27,8,6.9
2759,cpp,1325,2021-05-27,7,8.2
2760,Java,3647,2021-05-27,9,5.5
2761,Javascript,1879,2021-05-27,9,4.2
2762,php,2733,2021-05-27,10,4.4
2763,Ruby,386,2021-05-27,5,2.5
2764,Golang,458,2021-05-27,8,1.4
2765,1c,9690,2021-05-27,14,12.6
2766,Data scientist,418,2021-05-27,12,13.4
2767,Scala,161,2021-05-27,11,1.2
2768,iOS,1276,2021-05-27,5,3
2769,Frontend,3564,2021-05-27,6,8.3
2770,DevOps,2010,2021-05-27,7,1.7
2771,ABAP,178,2021-05-27,18,4.7
2772,Android,1385,2021-05-27,6,4
2773,Python,1803,2021-05-28,6,7.5
2774,C%23,1593,2021-05-28,8,6.9
2775,cpp,1344,2021-05-28,7,8.1
2776,Java,3668,2021-05-28,9,5.5
2777,Javascript,1871,2021-05-28,9,4.2
2778,php,2736,2021-05-28,10,4.4
2779,Ruby,395,2021-05-28,5,2.4
2780,Golang,458,2021-05-28,8,1.4
2781,1c,9688,2021-05-28,14,12.6
2782,Data scientist,431,2021-05-28,12,13
2783,Scala,165,2021-05-28,12,1.2
2784,iOS,1275,2021-05-28,5,3
2785,Frontend,3556,2021-05-28,7,8.3
2786,DevOps,1995,2021-05-28,7,1.7
2787,ABAP,171,2021-05-28,19,4.9
2788,Android,1372,2021-05-28,7,4
2789,Python,1799,2021-05-29,7,7.5
2790,C%23,1602,2021-05-29,8,6.9
2791,cpp,1334,2021-05-29,7,8.2
2792,Java,3671,2021-05-29,9,5.5
2793,Javascript,1872,2021-05-29,9,4.2
2794,php,2754,2021-05-29,9,4.4
2795,Ruby,401,2021-05-29,5,2.4
2796,Golang,450,2021-05-29,8,1.4
2797,1c,9674,2021-05-29,14,12.6
2798,Data scientist,428,2021-05-29,12,13.1
2799,Scala,167,2021-05-29,11,1.2
2800,iOS,1266,2021-05-29,5,3
2801,Frontend,3530,2021-05-29,7,8.4
2802,DevOps,2017,2021-05-29,8,1.7
2803,ABAP,167,2021-05-29,19,5
2804,Android,1393,2021-05-29,7,4
2805,Python,1770,2021-05-30,7,7.7
2806,C%23,1578,2021-05-30,8,7
2807,cpp,1312,2021-05-30,7,8.3
2808,Java,3599,2021-05-30,8,5.6
2809,Javascript,1827,2021-05-30,9,4.3
2810,php,2696,2021-05-30,9,4.5
2811,Ruby,396,2021-05-30,5,2.4
2812,Golang,444,2021-05-30,8,1.5
2813,1c,9537,2021-05-30,14,12.8
2814,Data scientist,421,2021-05-30,12,13.3
2815,Scala,163,2021-05-30,9,1.2
2816,iOS,1247,2021-05-30,5,3
2817,Frontend,3459,2021-05-30,6,8.6
2818,DevOps,1979,2021-05-30,8,1.7
2819,ABAP,166,2021-05-30,19,5
2820,Android,1374,2021-05-30,7,4
2821,Python,1739,2021-05-31,6,7.8
2822,C%23,1553,2021-05-31,8,7.1
2823,cpp,1289,2021-05-31,7,8.4
2824,Java,3548,2021-05-31,8,5.7
2825,Javascript,1819,2021-05-31,8,4.3
2826,php,2656,2021-05-31,9,4.6
2827,Ruby,388,2021-05-31,5,2.5
2828,Golang,436,2021-05-31,8,1.5
2829,1c,9412,2021-05-31,14,13
2830,Data scientist,418,2021-05-31,11,13.4
2831,Scala,160,2021-05-31,9,1.2
2832,iOS,1215,2021-05-31,5,3.1
2833,Frontend,3420,2021-05-31,6,8.7
2834,DevOps,1950,2021-05-31,8,1.7
2835,ABAP,162,2021-05-31,19,5.1
2836,Android,1351,2021-05-31,7,4.1
2837,Python,1777,2021-06-01,6,7.6
2838,C%23,1597,2021-06-01,9,6.9
2839,cpp,1321,2021-06-01,7,8.2
2840,Java,3660,2021-06-01,8,5.5
2841,Javascript,1854,2021-06-01,8,4.2
2842,php,2691,2021-06-01,9,4.5
2843,Ruby,403,2021-06-01,7,2.4
2845,1c,9640,2021-06-01,14,12.7
2846,Data scientist,427,2021-06-01,12,13.2
2847,Scala,161,2021-06-01,9,1.2
2848,iOS,1258,2021-06-01,5,3
2849,Frontend,3526,2021-06-01,6,8.4
2850,DevOps,1999,2021-06-01,8,1.7
2851,ABAP,174,2021-06-01,19,4.8
2852,Android,1398,2021-06-01,6,4
2844,Golang,440,2021-06-01,8,1.5
2853,Python,1795,2021-06-02,6,7.6
2854,C%23,1633,2021-06-02,8,6.7
2855,cpp,1344,2021-06-02,7,8.1
2856,Java,3750,2021-06-02,9,5.4
2857,Javascript,1900,2021-06-02,8,4.1
2858,php,2706,2021-06-02,9,4.5
2859,Ruby,409,2021-06-02,7,2.3
2860,Golang,449,2021-06-02,8,1.5
2861,1c,9779,2021-06-02,14,12.5
2862,Data scientist,444,2021-06-02,11,12.7
2863,Scala,161,2021-06-02,8,1.2
2864,iOS,1273,2021-06-02,5,3
2865,Frontend,3599,2021-06-02,7,8.3
2866,DevOps,2020,2021-06-02,7,1.7
2867,ABAP,177,2021-06-02,19,4.7
2868,Android,1423,2021-06-02,6,3.9
2869,Python,1818,2021-06-03,7,7.5
2870,C%23,1625,2021-06-03,8,6.8
2871,cpp,1354,2021-06-03,7,8
2872,Java,3730,2021-06-03,9,5.4
2873,Javascript,1932,2021-06-03,8,4.1
2874,php,2709,2021-06-03,9,4.5
2875,Ruby,415,2021-06-03,7,2.3
2876,Golang,454,2021-06-03,9,1.5
2877,1c,9756,2021-06-03,14,12.5
2878,Data scientist,435,2021-06-03,11,12.9
2879,Scala,157,2021-06-03,8,1.3
2880,iOS,1267,2021-06-03,5,3
2881,Frontend,3631,2021-06-03,7,8.2
2882,DevOps,2011,2021-06-03,7,1.7
2883,ABAP,180,2021-06-03,18,4.6
2884,Android,1416,2021-06-03,7,3.9
2885,Python,1813,2021-06-04,7,7.5
2886,C%23,1620,2021-06-04,8,6.8
2887,cpp,1346,2021-06-04,7,8.1
2888,Java,3716,2021-06-04,9,5.4
2889,Javascript,1898,2021-06-04,8,4.1
2890,php,2681,2021-06-04,9,4.5
2891,Ruby,412,2021-06-04,7,2.3
2892,Golang,477,2021-06-04,8,1.4
2893,1c,9639,2021-06-04,14,12.7
2894,Data scientist,438,2021-06-04,13,12.8
2895,Scala,154,2021-06-04,7,1.3
2896,iOS,1273,2021-06-04,5,3
2897,Frontend,3583,2021-06-04,7,8.3
2898,DevOps,1989,2021-06-04,7,1.7
2899,ABAP,181,2021-06-04,18,4.6
2900,Android,1431,2021-06-04,7,3.9
2901,Python,1791,2021-06-05,7,7.6
2902,C%23,1614,2021-06-05,8,6.8
2903,cpp,1340,2021-06-05,7,8.1
2904,Java,3694,2021-06-05,9,5.5
2905,Javascript,1857,2021-06-05,8,4.2
2906,php,2640,2021-06-05,9,4.6
2907,Ruby,408,2021-06-05,6,2.3
2908,Golang,471,2021-06-05,8,1.4
2909,1c,9509,2021-06-05,14,12.8
2910,Data scientist,437,2021-06-05,13,12.9
2911,Scala,151,2021-06-05,7,1.3
2912,iOS,1252,2021-06-05,5,3
2913,Frontend,3542,2021-06-05,6,8.4
2914,DevOps,1983,2021-06-05,8,1.7
2915,ABAP,181,2021-06-05,19,4.6
2916,Android,1416,2021-06-05,7,3.9
2917,Python,1749,2021-06-06,7,7.8
2918,C%23,1571,2021-06-06,8,7
2919,cpp,1326,2021-06-06,7,8.2
2920,Java,3633,2021-06-06,9,5.6
2921,Javascript,1808,2021-06-06,8,4.3
2922,php,2573,2021-06-06,9,4.7
2923,Ruby,400,2021-06-06,6,2.4
2924,Golang,462,2021-06-06,8,1.4
2925,1c,9294,2021-06-06,14,13.1
2926,Data scientist,429,2021-06-06,13,13.1
2927,Scala,150,2021-06-06,7,1.3
2928,iOS,1223,2021-06-06,5,3.1
2929,Frontend,3472,2021-06-06,6,8.6
2930,DevOps,1950,2021-06-06,7,1.7
2931,ABAP,181,2021-06-06,19,4.6
2932,Android,1397,2021-06-06,7,4
2933,Python,1711,2021-06-07,6,8
2934,C%23,1542,2021-06-07,8,7.1
2935,cpp,1290,2021-06-07,7,8.5
2936,Java,3491,2021-06-07,8,5.8
2937,Javascript,1771,2021-06-07,8,4.4
2938,php,2519,2021-06-07,9,4.8
2939,Ruby,394,2021-06-07,6,2.4
2940,Golang,457,2021-06-07,8,1.5
2941,1c,9109,2021-06-07,14,13.4
2942,Data scientist,415,2021-06-07,13,13.6
2943,Scala,146,2021-06-07,7,1.4
2944,iOS,1193,2021-06-07,5,3.2
2945,Frontend,3352,2021-06-07,6,8.9
2946,DevOps,1884,2021-06-07,7,1.8
2947,ABAP,177,2021-06-07,20,4.7
2948,Android,1355,2021-06-07,7,4.1
2949,Python,1748,2021-06-08,7,7.8
2950,C%23,1568,2021-06-08,8,7
2951,cpp,1326,2021-06-08,7,8.2
2952,Java,3600,2021-06-08,9,5.6
2953,Javascript,1801,2021-06-08,8,4.4
2954,php,2633,2021-06-08,9,4.6
2955,Ruby,402,2021-06-08,6,2.4
2956,Golang,475,2021-06-08,8,1.4
2957,1c,9339,2021-06-08,14,13.1
2958,Data scientist,423,2021-06-08,13,13.3
2959,Scala,150,2021-06-08,8,1.3
2960,iOS,1206,2021-06-08,5,3.1
2961,Frontend,3500,2021-06-08,7,8.5
2962,DevOps,1924,2021-06-08,7,1.7
2963,ABAP,174,2021-06-08,18,4.8
2964,Android,1429,2021-06-08,7,3.9
2965,Python,1801,2021-06-09,6,7.6
2966,C%23,1612,2021-06-09,9,6.9
2967,cpp,1347,2021-06-09,7,8.1
2968,Java,3666,2021-06-09,9,5.5
2969,Javascript,1857,2021-06-09,8,4.2
2970,php,2683,2021-06-09,9,4.5
2971,Ruby,405,2021-06-09,6,2.3
2972,Golang,476,2021-06-09,8,1.4
2973,1c,9548,2021-06-09,14,12.8
2974,Data scientist,437,2021-06-09,14,12.9
2975,Scala,154,2021-06-09,8,1.3
2976,iOS,1224,2021-06-09,5,3.1
2977,Frontend,3579,2021-06-09,7,8.4
2978,DevOps,1969,2021-06-09,7,1.7
2979,ABAP,175,2021-06-09,19,4.8
2980,Android,1441,2021-06-09,7,3.9
2981,Python,1821,2021-06-10,7,7.5
2982,C%23,1640,2021-06-10,9,6.7
2983,cpp,1351,2021-06-10,7,8.1
2984,Java,3703,2021-06-10,9,5.5
2985,Javascript,1893,2021-06-10,8,4.1
2986,php,2729,2021-06-10,9,4.4
2987,Ruby,402,2021-06-10,6,2.4
2988,Golang,485,2021-06-10,8,1.4
2989,1c,9680,2021-06-10,14,12.6
2990,Data scientist,435,2021-06-10,14,13
2991,Scala,155,2021-06-10,10,1.3
2992,iOS,1220,2021-06-10,5,3.1
2993,Frontend,3635,2021-06-10,7,8.2
2994,DevOps,1996,2021-06-10,7,1.7
2995,ABAP,174,2021-06-10,18,4.8
2996,Android,1450,2021-06-10,7,3.8
2997,Python,1838,2021-06-11,6,7.5
2998,C%23,1674,2021-06-11,8,6.6
2999,cpp,1327,2021-06-11,8,8.3
3000,Java,3721,2021-06-11,9,5.5
3001,Javascript,1877,2021-06-11,8,4.2
3002,php,2730,2021-06-11,9,4.4
3003,Ruby,398,2021-06-11,6,2.4
3004,Golang,490,2021-06-11,8,1.4
3005,1c,9665,2021-06-11,14,12.6
3006,Data scientist,439,2021-06-11,14,12.9
3007,Scala,155,2021-06-11,9,1.3
3008,iOS,1222,2021-06-11,5,3.1
3009,Frontend,3606,2021-06-11,7,8.3
3010,DevOps,2006,2021-06-11,7,1.7
3011,ABAP,170,2021-06-11,18,4.9
3012,Android,1459,2021-06-11,7,3.8
3013,Python,1826,2021-06-12,7,7.5
3014,C%23,1670,2021-06-12,8,6.6
3015,cpp,1319,2021-06-12,7,8.3
3016,Java,3704,2021-06-12,9,5.5
3017,Javascript,1873,2021-06-12,8,4.2
3018,php,2674,2021-06-12,9,4.5
3019,Ruby,393,2021-06-12,7,2.4
3020,Golang,492,2021-06-12,8,1.4
3021,1c,9571,2021-06-12,14,12.7
3022,Data scientist,448,2021-06-12,14,12.6
3023,Scala,153,2021-06-12,8,1.4
3024,iOS,1224,2021-06-12,5,3.1
3025,Frontend,3581,2021-06-12,7,8.4
3026,DevOps,1998,2021-06-12,7,1.7
3027,ABAP,167,2021-06-12,19,5
3028,Android,1465,2021-06-12,7,3.8
3029,Python,1806,2021-06-13,7,7.6
3030,C%23,1633,2021-06-13,8,6.7
3031,cpp,1290,2021-06-13,7,8.5
3032,Java,3653,2021-06-13,9,5.6
3033,Javascript,1824,2021-06-13,8,4.3
3034,php,2608,2021-06-13,9,4.6
3035,Ruby,384,2021-06-13,7,2.5
3036,Golang,475,2021-06-13,8,1.4
3037,1c,9359,2021-06-13,14,13
3038,Data scientist,447,2021-06-13,13,12.6
3039,Scala,152,2021-06-13,8,1.4
3040,iOS,1205,2021-06-13,5,3.2
3041,Frontend,3504,2021-06-13,7,8.5
3042,DevOps,1947,2021-06-13,7,1.7
3043,ABAP,166,2021-06-13,18,5
3044,Android,1448,2021-06-13,7,3.8
3045,Python,1771,2021-06-14,7,7.8
3046,C%23,1613,2021-06-14,8,6.8
3047,cpp,1268,2021-06-14,7,8.7
3048,Java,3601,2021-06-14,9,5.6
3049,Javascript,1777,2021-06-14,8,4.4
3050,php,2545,2021-06-14,9,4.8
3051,Ruby,371,2021-06-14,6,2.6
3052,Golang,469,2021-06-14,8,1.5
3053,1c,9155,2021-06-14,14,13.3
3054,Data scientist,439,2021-06-14,13,12.9
3055,Scala,150,2021-06-14,8,1.4
3056,iOS,1189,2021-06-14,5,3.2
3057,Frontend,3429,2021-06-14,7,8.7
3058,DevOps,1927,2021-06-14,7,1.7
3059,ABAP,167,2021-06-14,18,5
3060,Android,1419,2021-06-14,7,3.9
3061,Python,1777,2021-06-15,7,7.8
3062,C%23,1623,2021-06-15,8,6.8
3063,cpp,1264,2021-06-15,7,8.7
3064,Java,3627,2021-06-15,9,5.6
3065,Javascript,1805,2021-06-15,8,4.4
3066,php,2578,2021-06-15,9,4.7
3067,Ruby,371,2021-06-15,6,2.6
3068,Golang,478,2021-06-15,8,1.4
3069,1c,9181,2021-06-15,14,13.3
3070,Data scientist,440,2021-06-15,13,12.9
3071,Scala,150,2021-06-15,8,1.4
3072,iOS,1189,2021-06-15,5,3.2
3073,Frontend,3438,2021-06-15,7,8.7
3074,DevOps,1933,2021-06-15,7,1.7
3075,ABAP,166,2021-06-15,18,5
3076,Android,1423,2021-06-15,7,3.9
3077,Python,1803,2021-06-16,6,7.7
3078,C%23,1660,2021-06-16,8,6.7
3079,cpp,1293,2021-06-16,7,8.5
3080,Java,3739,2021-06-16,9,5.5
3081,Javascript,1846,2021-06-16,8,4.3
3082,php,2634,2021-06-16,9,4.6
3083,Ruby,381,2021-06-16,7,2.5
3084,Golang,483,2021-06-16,8,1.4
3085,1c,9404,2021-06-16,15,13
3086,Data scientist,447,2021-06-16,13,12.7
3087,Scala,152,2021-06-16,9,1.3
3088,iOS,1236,2021-06-16,6,3.1
3089,Frontend,3523,2021-06-16,7,8.5
3090,DevOps,1965,2021-06-16,7,1.7
3091,ABAP,167,2021-06-16,18,5
3092,Android,1454,2021-06-16,6,3.8
3093,Python,1769,2021-06-17,7,7.8
3094,C%23,1639,2021-06-17,8,6.7
3095,cpp,1297,2021-06-17,7,8.5
3096,Java,3742,2021-06-17,9,5.4
3097,Javascript,1832,2021-06-17,9,4.3
3098,php,2636,2021-06-17,9,4.6
3099,Ruby,378,2021-06-17,7,2.5
3100,Golang,480,2021-06-17,9,1.4
3101,1c,9363,2021-06-17,14,13
3102,Data scientist,440,2021-06-17,12,12.9
3103,Scala,153,2021-06-17,9,1.3
3104,iOS,1223,2021-06-17,5,3.1
3105,Frontend,3504,2021-06-17,7,8.6
3106,DevOps,1972,2021-06-17,7,1.7
3107,ABAP,166,2021-06-17,18,5
3108,Android,1452,2021-06-17,6,3.8
3109,Python,1770,2021-06-18,7,7.8
3110,C%23,1660,2021-06-18,9,6.7
3111,cpp,1308,2021-06-18,7,8.4
3112,Java,3714,2021-06-18,9,5.5
3113,Javascript,1826,2021-06-18,8,4.3
3114,php,2625,2021-06-18,9,4.6
3115,Ruby,377,2021-06-18,7,2.5
3116,Golang,479,2021-06-18,9,1.5
3117,1c,9382,2021-06-18,14,13
3118,Data scientist,440,2021-06-18,12,12.9
3119,Scala,151,2021-06-18,8,1.4
3120,iOS,1249,2021-06-18,5,3
3121,Frontend,3559,2021-06-18,7,8.5
3122,DevOps,1979,2021-06-18,7,1.7
3123,ABAP,166,2021-06-18,17,5
3124,Android,1444,2021-06-18,6,3.9
3125,Python,1761,2021-06-19,7,7.9
3126,C%23,1656,2021-06-19,9,6.7
3127,cpp,1324,2021-06-19,7,8.3
3128,Java,3763,2021-06-19,9,5.4
3129,Javascript,1833,2021-06-19,9,4.3
3130,php,2592,2021-06-19,9,4.7
3131,Ruby,378,2021-06-19,7,2.5
3132,Golang,471,2021-06-19,9,1.5
3133,1c,9348,2021-06-19,14,13.1
3134,Data scientist,438,2021-06-19,13,13
3135,Scala,154,2021-06-19,8,1.3
3136,iOS,1232,2021-06-19,5,3.1
3137,Frontend,3574,2021-06-19,7,8.4
3138,DevOps,1974,2021-06-19,7,1.7
3139,ABAP,159,2021-06-19,17,5.2
3140,Android,1437,2021-06-19,6,3.9
3141,Python,1739,2021-06-20,7,8
3142,C%23,1622,2021-06-20,9,6.8
3143,cpp,1304,2021-06-20,7,8.4
3144,Java,3721,2021-06-20,9,5.5
3145,Javascript,1801,2021-06-20,9,4.4
3146,php,2546,2021-06-20,9,4.8
3147,Ruby,376,2021-06-20,7,2.5
3148,Golang,456,2021-06-20,9,1.5
3149,1c,9188,2021-06-20,14,13.3
3150,Data scientist,433,2021-06-20,12,13.1
3151,Scala,152,2021-06-20,8,1.3
3152,iOS,1211,2021-06-20,5,3.2
3153,Frontend,3519,2021-06-20,6,8.6
3154,DevOps,1949,2021-06-20,7,1.7
3155,ABAP,157,2021-06-20,17,5.3
3156,Android,1413,2021-06-20,6,4
3157,Python,1703,2021-06-21,7,8.2
3158,C%23,1606,2021-06-21,9,6.9
3159,cpp,1285,2021-06-21,7,8.6
3160,Java,3667,2021-06-21,9,5.6
3161,Javascript,1756,2021-06-21,8,4.5
3162,php,2492,2021-06-21,9,4.9
3163,Ruby,361,2021-06-21,7,2.6
3164,Golang,450,2021-06-21,9,1.6
3165,1c,9023,2021-06-21,14,13.5
3166,Data scientist,422,2021-06-21,12,13.5
3167,Scala,152,2021-06-21,8,1.3
3168,iOS,1199,2021-06-21,6,3.2
3169,Frontend,3443,2021-06-21,6,8.8
3170,DevOps,1920,2021-06-21,7,1.8
3171,ABAP,156,2021-06-21,17,5.3
3172,Android,1391,2021-06-21,6,4
3173,Python,1721,2021-06-22,7,8.1
3174,C%23,1638,2021-06-22,9,6.8
3175,cpp,1306,2021-06-22,7,8.4
3176,Java,3744,2021-06-22,9,5.5
3177,Javascript,1805,2021-06-22,8,4.4
3178,php,2547,2021-06-22,9,4.8
3179,Ruby,371,2021-06-22,6,2.6
3180,Golang,463,2021-06-22,9,1.5
3181,1c,9239,2021-06-22,14,13.2
3182,Data scientist,431,2021-06-22,11,13.2
3183,Scala,153,2021-06-22,8,1.3
3184,iOS,1231,2021-06-22,5,3.1
3185,Frontend,3539,2021-06-22,6,8.5
3186,DevOps,1955,2021-06-22,7,1.7
3187,ABAP,159,2021-06-22,18,5.2
3188,Android,1411,2021-06-22,6,4
3189,Python,1749,2021-06-23,7,8
3190,C%23,1637,2021-06-23,9,6.8
3191,cpp,1330,2021-06-23,7,8.3
3192,Java,3793,2021-06-23,9,5.4
3193,Javascript,1837,2021-06-23,9,4.3
3194,php,2577,2021-06-23,9,4.7
3195,Ruby,377,2021-06-23,6,2.5
3196,Golang,466,2021-06-23,9,1.5
3197,1c,9446,2021-06-23,14,12.9
3198,Data scientist,440,2021-06-23,11,12.9
3199,Scala,151,2021-06-23,9,1.4
3200,iOS,1250,2021-06-23,5,3.1
3201,Frontend,3594,2021-06-23,6,8.4
3202,DevOps,1986,2021-06-23,7,1.7
3203,ABAP,160,2021-06-23,18,5.2
3204,Android,1426,2021-06-23,6,3.9
3205,Python,1745,2021-06-24,7,8
3206,C%23,1633,2021-06-24,9,6.8
3207,cpp,1311,2021-06-24,8,8.4
3208,Java,3758,2021-06-24,8,5.4
3209,Javascript,1814,2021-06-24,9,4.4
3210,php,2575,2021-06-24,9,4.7
3211,Ruby,373,2021-06-24,6,2.6
3212,Golang,462,2021-06-24,8,1.5
3213,1c,9431,2021-06-24,14,13
3214,Data scientist,441,2021-06-24,10,12.9
3215,Scala,142,2021-06-24,8,1.4
3216,iOS,1258,2021-06-24,6,3
3217,Frontend,3541,2021-06-24,6,8.6
3218,DevOps,2006,2021-06-24,7,1.7
3219,ABAP,157,2021-06-24,18,5.3
3220,Android,1417,2021-06-24,6,3.9
