2021-09-15,wordpress,1.0
2021-09-15,битрикс,0.7523364485981309
2021-09-15,1с,0.5420560747663551
2021-09-15,seo,0.5373831775700935
2021-09-15,3d,0.5373831775700935
2021-09-15,php,0.5327102803738317
2021-09-15,google,0.514018691588785
2021-09-15,api,0.4392523364485981
2021-09-15,smm,0.43457943925233644
2021-09-15,js,0.3925233644859813
2021-09-15,android,0.37383177570093457
2021-09-15,python,0.3598130841121495
2021-09-15,instagram,0.3411214953271028
2021-09-15,cms,0.32710280373831774
2021-09-15,laravel,0.308411214953271
2021-09-15,ios,0.308411214953271
2021-09-15,html,0.2570093457943925
2021-09-15,youtube,0.2570093457943925
2021-09-15,web,0.2523364485981308
2021-09-15,react,0.2383177570093458
2021-09-15,wp,0.2336448598130841
2021-09-15,crm,0.22429906542056074
2021-09-15,opencart,0.22429906542056074
2021-09-15,ru,0.21495327102803738
2021-09-15,tilda,0.20093457943925233
2021-09-15,developer,0.18691588785046728
2021-09-15,bitrix,0.18691588785046728
2021-09-15,facebook,0.17757009345794392
2021-09-15,java,0.16822429906542055
2021-09-15,woocommerce,0.1542056074766355
2021-09-15,telegram,0.1542056074766355
2021-09-15,wildberries,0.1542056074766355
2021-09-15,com,0.1542056074766355
2021-09-15,pdf,0.1542056074766355
2021-09-15,modx,0.14953271028037382
2021-09-15,backend,0.14953271028037382
2021-09-15,2d,0.14485981308411214
2021-09-15,figma,0.14485981308411214
2021-09-15,vue,0.1308411214953271
2021-09-15,yii2,0.1261682242990654
2021-09-15,excel,0.1261682242990654
2021-09-15,ads,0.1261682242990654
2021-09-15,ux,0.11682242990654206
2021-09-15,битрикс24,0.11214953271028037
2021-09-15,unity,0.10747663551401869
2021-09-15,ozon,0.10747663551401869
2021-09-15,cart,0.10747663551401869
2021-09-15,end,0.102803738317757
2021-09-15,joomla,0.102803738317757
2021-09-15,c,0.09813084112149532
2021-09-15,mysql,0.09813084112149532
2021-09-15,css,0.09813084112149532
2021-09-15,net,0.09345794392523364
2021-09-15,c#,0.09345794392523364
2021-09-15,node,0.09345794392523364
2021-09-15,it,0.09345794392523364
2021-09-15,fb,0.08878504672897196
2021-09-15,frontend,0.08878504672897196
2021-09-15,24,0.08878504672897196
2021-09-15,django,0.08878504672897196
2021-09-15,javascript,0.08411214953271028
2021-09-15,1c,0.08411214953271028
2021-09-15,vk,0.08411214953271028
2021-09-15,insales,0.08411214953271028
2021-09-15,xml,0.08411214953271028
2021-09-15,landing,0.0794392523364486
2021-09-15,senior,0.0794392523364486
2021-09-15,app,0.0794392523364486
2021-09-15,nft,0.0794392523364486
2021-09-15,kotlin,0.0794392523364486
2021-09-15,cs,0.07476635514018691
2021-09-15,page,0.07476635514018691
2021-09-15,ui,0.07476635514018691
2021-09-15,amocrm,0.07476635514018691
2021-09-15,1с-битрикс,0.07476635514018691
2021-09-15,middle,0.07009345794392523
2021-09-15,email,0.07009345794392523
2021-09-15,native,0.07009345794392523
2021-09-15,hr,0.07009345794392523
2021-09-15,twitter,0.06542056074766354
2021-09-15,e,0.06542056074766354
2021-09-15,mail,0.06542056074766354
2021-09-15,shopify,0.06542056074766354
2021-09-15,full,0.06074766355140187
2021-09-15,back,0.06074766355140187
2021-09-15,sql,0.06074766355140187
2021-09-15,windows,0.06074766355140187
2021-09-15,bot,0.06074766355140187
2021-09-15,tiktok,0.056074766355140186
2021-09-15,word,0.056074766355140186
2021-09-15,angular,0.056074766355140186
2021-09-15,c++,0.056074766355140186
2021-09-15,amazon,0.0514018691588785
2021-09-15,max,0.0514018691588785
2021-09-15,drupal,0.0514018691588785
2021-09-15,flutter,0.0514018691588785
2021-09-15,b2b,0.0514018691588785
2021-09-15,blockchain,0.0514018691588785
2021-09-15,play,0.0514018691588785
2021-09-15,designer,0.0514018691588785
2021-09-15,https,0.0514018691588785
2021-09-15,script,0.0514018691588785
2021-09-15,bootstrap,0.0514018691588785
2021-09-15,nodejs,0.0514018691588785
2021-09-15,front,0.0514018691588785
2021-09-15,adwords,0.04672897196261682
2021-09-15,open,0.04672897196261682
2021-09-15,apple,0.04672897196261682
2021-09-15,swift,0.04672897196261682
2021-09-15,ai,0.04672897196261682
2021-09-15,after,0.04672897196261682
2021-09-15,dle,0.04672897196261682
2021-09-15,motion,0.04672897196261682
2021-09-15,stack,0.04205607476635514
2021-09-15,studio,0.04205607476635514
2021-09-15,yandex,0.04205607476635514
2021-09-15,dbs,0.04205607476635514
2021-09-15,typescript,0.04205607476635514
2021-09-15,symfony,0.04205607476635514
2021-09-15,delphi,0.037383177570093455
2021-09-15,binance,0.037383177570093455
2021-09-15,psd,0.037383177570093455
2021-09-15,docker,0.037383177570093455
2021-09-15,autocad,0.037383177570093455
2021-09-15,effects,0.037383177570093455
2021-09-15,moodle,0.037383177570093455
2021-09-15,umi,0.037383177570093455
2021-09-15,x,0.037383177570093455
2021-09-15,linux,0.037383177570093455
2021-09-15,stories,0.037383177570093455
2021-09-15,jira,0.037383177570093455
2021-09-15,adobe,0.037383177570093455
2021-09-15,ms,0.037383177570093455
2021-09-15,asp,0.037383177570093455
2021-09-15,webasyst,0.037383177570093455
2021-09-15,power,0.037383177570093455
2021-09-15,2021_3,0.03271028037383177
2021-09-15,sheets,0.03271028037383177
2021-09-15,revit,0.03271028037383177
2021-09-15,whatsapp,0.03271028037383177
2021-09-15,store,0.03271028037383177
2021-09-15,bi,0.03271028037383177
2021-09-15,for,0.03271028037383177
2021-09-15,vuejs,0.03271028037383177
2021-09-15,microsoft,0.03271028037383177
2021-09-15,engine,0.03271028037383177
2021-09-15,bitrix24,0.03271028037383177
2021-09-15,2021_2,0.03271028037383177
2021-09-15,gif,0.03271028037383177
